,val,date,n,SMA30,SMA60,SMA90,SMA180,EMA,EMA0.3
0,459.2623988341536,2021-04-05,1,459.2623988341536,459.2623988341536,459.2623988341536,459.2623988341536,459.2623988341536,459.2623988341536
1,163.12511127224124,2021-04-06,2,311.19375505319744,311.19375505319744,311.19375505319744,311.19375505319744,429.6486700779624,370.4212125655799
2,155.02230989204895,2021-04-07,3,259.13660666614794,259.13660666614794,259.13660666614794,259.13660666614794,402.1860340593711,305.8015417635206
3,104.4007255692299,2021-04-08,4,220.45263639191842,220.45263639191842,220.45263639191842,220.45263639191842,372.407503210357,245.3812969052334
4,98.48193675619454,2021-04-09,5,196.05849646477367,196.05849646477367,196.05849646477367,196.05849646477367,345.0149465649407,201.31148886052173
5,109.741148461202,2021-04-10,6,181.6722717975117,181.6722717975117,181.6722717975117,181.6722717975117,321.48756675456684,173.8403867407258
6,55.59814586808048,2021-04-11,7,163.66168237902153,163.66168237902153,163.66168237902153,163.66168237902153,294.8986246659182,138.36771447893219
7,56.99756987179893,2021-04-12,8,150.3286683156187,150.3286683156187,150.3286683156187,150.3286683156187,271.10851918650627,113.95667109679219
8,80.1421317364739,2021-04-13,9,142.53016425126927,142.53016425126927,142.53016425126927,142.53016425126927,252.01188044150305,103.81230928869671
9,129.6563925514905,2021-04-14,10,141.2427870812914,141.2427870812914,141.2427870812914,141.2427870812914,239.7763316525018,111.56553426753484
10,105.51121116855388,2021-04-15,11,137.99446199831527,137.99446199831527,137.99446199831527,137.99446199831527,226.349819604107,109.74923733784055
11,104.6425483752249,2021-04-16,12,135.21513586305772,135.21513586305772,135.21513586305772,135.21513586305772,214.17909248121882,108.21723064905585
12,119.70554037585654,2021-04-17,13,134.02209005634995,134.02209005634995,134.02209005634995,134.02209005634995,204.7317372706826,111.66372356709604
13,15.730287905728703,2021-04-18,14,125.57267561701987,125.57267561701987,125.57267561701987,125.57267561701987,185.8315923341872,82.88369286868584
14,89.19703942800204,2021-04-19,15,123.14763320441868,123.14763320441868,123.14763320441868,123.14763320441868,176.1681370435687,84.7776968364807
15,73.45143454863081,2021-04-20,16,120.04162078843194,120.04162078843194,120.04162078843194,120.04162078843194,165.8964667940749,81.37981815012573
16,227.20108422103604,2021-04-21,17,126.34511863740866,126.34511863740866,126.34511863740866,126.34511863740866,172.02692853677104,125.12619797139881
17,24.2707805654338,2021-04-22,18,120.67432207785448,120.67432207785448,120.67432207785448,120.67432207785448,157.25131373963734,94.8695727496093
18,310.6063487992117,2021-04-23,19,130.6707445368733,130.6707445368733,130.6707445368733,130.6707445368733,172.58681724559477,159.59060556449
19,72.34471566490436,2021-04-24,20,127.75444309327483,127.75444309327483,127.75444309327483,127.75444309327483,162.56260708752575,133.4168385946143
20,236.4774904057056,2021-04-25,21,132.93173106053345,132.93173106053345,132.93173106053345,132.93173106053345,169.95409541934373,164.33503413794168
21,176.7677703416916,2021-04-26,22,134.9242783005861,134.9242783005861,134.9242783005861,134.9242783005861,170.63546291157851,168.06485499906665
22,159.38732823993223,2021-04-27,23,135.9878891675142,135.9878891675142,135.9878891675142,135.9878891675142,169.5106494444139,165.46159697132632
23,109.95399942157457,2021-04-28,24,134.90314376143337,134.90314376143337,134.90314376143337,134.90314376143337,163.55498444212998,148.80931770640078
24,193.04981389980227,2021-04-29,25,137.22901056696813,137.22901056696813,137.22901056696813,137.22901056696813,166.5044673878972,162.08146656442122
25,163.11163236332413,2021-04-30,26,138.2244960206741,138.2244960206741,138.2244960206741,138.2244960206741,166.1651838854399,162.39051630409207
26,126.16582161835083,2021-05-01,27,137.7778784502177,137.7778784502177,137.7778784502177,137.7778784502177,162.16524765873098,151.5231078983697
27,75.61096985150449,2021-05-02,28,135.5576317145494,135.5576317145494,135.5576317145494,135.5576317145494,153.50981987800833,128.74946648431012
28,107.44291126427429,2021-05-03,29,134.58815859557438,134.58815859557438,134.58815859557438,134.58815859557438,148.90312901663495,122.35749991829935
29,126.31696731597116,2021-05-04,30,134.31245221958758,134.31245221958758,134.31245221958758,134.31245221958758,146.64451284656857,123.54534013760087
30,128.02595732873314,2021-05-05,31,123.27123750274025,134.1096620618181,134.1096620618181,134.1096620618181,144.78265729478505,124.88952529494055
31,148.27803581891092,2021-05-06,32,122.77633498762924,134.55242374172727,134.55242374172727,134.55242374172727,145.13219514719765,131.90607845213165
32,57.863929387182566,2021-05-07,33,119.5377223041337,132.22852997340772,132.22852997340772,132.22852997340772,136.40536857119614,109.69343373264692
33,57.12512948089302,2021-05-08,34,117.96186910118914,130.01960642951025,130.01960642951025,130.01960642951025,128.47734466216582,93.92294245712075
34,51.76300522308129,2021-05-09,35,116.4045713834187,127.78370353789796,127.78370353789796,127.78370353789796,120.80591071825737,81.27496128690892
35,54.81760417445823,2021-05-10,36,114.57378657386057,125.75686744446908,125.75686744446908,125.75686744446908,114.20708006387746,73.3377541531737
36,32.84813632406858,2021-05-11,37,113.8154529223935,123.24582065743124,123.24582065743124,123.24582065743124,106.07118568989657,61.19086880444216
37,103.11492161119266,2021-05-12,38,115.35269798037329,122.71606015621444,122.71606015621444,122.71606015621444,105.77555928202618,73.7680846464673
38,94.65358691069116,2021-05-13,39,115.8364131528472,121.99650956017537,121.99650956017537,121.99650956017537,104.66336204489268,80.03373532573445
39,96.02303757465756,2021-05-14,40,114.7153013202861,121.34717276053743,121.34717276053743,121.34717276053743,103.79932959786917,84.83052600041138
40,93.73692539825556,2021-05-15,41,114.32282512794283,120.6737520931647,120.6737520931647,120.6737520931647,102.79308917790782,87.50244581976463
41,105.264023383499,2021-05-16,42,114.34354096155195,120.3068537905536,120.3068537905536,120.3068537905536,103.04018259846693,92.83091908888494
42,192.36528931379328,2021-05-17,43,116.76553259281651,121.9826313608615,121.9826313608615,121.9826313608615,111.97269326999957,122.69123015635745
43,106.30661130594002,2021-05-18,44,119.78474337282357,121.62635817779511,121.62635817779511,121.62635817779511,111.40608507359362,117.77584450123221
44,51.773753852551,2021-05-19,45,118.53730052030852,120.07407808167858,120.07407808167858,120.07407808167858,105.44285195148936,97.97521730662784
45,12.40176968265987,2021-05-20,46,116.50231169144283,117.73337572517818,117.73337572517818,117.73337572517818,96.13874372460641,72.30318301943744
46,121.37102030659275,2021-05-21,47,112.97464289429472,117.81077241839975,117.81077241839975,117.81077241839975,98.66197138280505,87.02353420558404
47,63.12217545482102,2021-05-22,48,114.26968939060764,116.67142664832521,116.67142664832521,116.67142664832521,95.10799179000665,79.85312658035514
48,43.295439663013234,2021-05-23,49,105.35932575273434,115.17395752617597,115.17395752617597,115.17395752617597,89.92673657730732,68.88582050515257
49,131.38395138803816,2021-05-24,50,107.32730027683881,115.49815740341323,115.49815740341323,115.49815740341323,94.0724580583804,87.63525977001824
50,67.23719270877667,2021-05-25,51,101.68595702027451,114.55186397802818,114.55186397802818,114.55186397802818,91.38893152342003,81.51583965164576
51,10.814995013442704,2021-05-26,52,96.1541978426662,112.5569241902477,112.5569241902477,112.5569241902477,83.33153787242229,60.30558626018484
52,57.33368102630517,2021-05-27,53,92.75240960221198,111.51497620602237,111.51497620602237,111.51497620602237,80.73175218781059,59.414014690020934
53,87.77016660526026,2021-05-28,54,92.01294850833484,111.07525750971196,111.07525750971196,111.07525750971196,81.43559362955556,67.92086026459273
54,70.81564404794653,2021-05-29,55,87.93847617993966,110.34326453767986,110.34326453767986,110.34326453767986,80.37359867139465,68.78929539959887
55,63.27581568058802,2021-05-30,56,84.61061562384845,109.5027743795175,109.5027743795175,109.5027743795175,78.66382037231399,67.13525148389562
56,78.78052259465072,2021-05-31,57,83.03110565639176,108.9637875060988,108.9637875060988,108.9637875060988,78.67549059454765,70.62883281712215
57,38.95270123842406,2021-06-01,58,81.80916336928908,107.75669981182854,107.75669981182854,107.75669981182854,74.7032116589353,61.12599334351272
58,62.10160985696295,2021-06-02,59,80.29778665571204,106.98288472784776,106.98288472784776,106.98288472784776,73.44305147873807,61.418678297547785
59,86.82403400570408,2021-06-03,60,78.98135554536981,106.6469038824787,106.6469038824787,106.6469038824787,74.78114973143467,69.04028500999468
60,49.124717097111066,2021-06-04,61,76.35131420431574,99.811275853528,105.70391721386612,105.70391721386612,72.21550646800232,63.06561463612959
61,34.29975699753787,2021-06-05,62,72.55203824360329,97.66418661561627,104.55223721037696,104.55223721037696,68.42393152095588,54.43585734455207
62,30.1293543851626,2021-06-06,63,71.62755241020265,95.58263735716817,103.37092160997673,103.37092160997673,64.59447380737654,47.14390645673522
63,29.90740052554924,2021-06-07,64,70.72029477835784,94.34108193977347,102.22305409303254,102.22305409303254,61.12576647919382,41.97295467737943
64,93.3211221941333,2021-06-08,65,72.10556534405957,94.25506836373914,102.08610129458795,102.08610129458795,64.34530205068776,57.37740493240558
65,52.05067052359551,2021-06-09,66,72.01333422236415,93.29356039811235,101.32798870714866,101.32798870714866,63.11583889797854,55.77938460976256
66,28.906307651557864,2021-06-10,67,71.88193993328045,92.84869642783698,100.24706809437866,100.24706809437866,59.69488577333647,47.71746152230115
67,104.6295632091619,2021-06-11,68,71.9324279865461,93.64256298345968,100.311516551949,100.311516551949,64.18835351691902,64.79109202835937
68,22.091810094284856,2021-06-12,69,69.5137020926659,92.67505762275655,99.17789761777995,99.17789761777995,59.9786991746556,51.98130744813702
69,30.875197130749328,2021-06-13,70,67.34210741120229,91.0287043657442,98.20214475367952,98.20214475367952,57.06834897026498,45.649474352920706
70,73.7131876947601,2021-06-14,71,66.67464948775245,90.49873730784763,97.85722986552571,97.85722986552571,58.732832842714494,54.068588355472514
71,37.14005603370791,2021-06-15,72,64.40385057609274,89.37369576882234,97.01393578452824,97.01393578452824,56.573555161813836,48.99002865894313
72,99.38467796813048,2021-06-16,73,61.30449686457064,89.03501472869358,97.04641170485156,97.04641170485156,60.8546674424455,64.10842345169932
73,58.15281883139473,2021-06-17,74,59.69937044875246,89.74205691078802,96.52082261196702,96.52082261196702,60.584482581340424,62.32174206560795
74,50.26660327578335,2021-06-18,75,59.64913209619354,89.09321630825103,95.90409968748456,95.90409968748456,59.552694650784716,58.70520042866056
75,35.75593116698066,2021-06-19,76,60.427604145670905,88.46495791855686,95.11267641747793,95.11267641747793,57.17301830240431,51.82041965015659
76,52.7068776972527,2021-06-20,77,58.138799392026236,85.55672114316049,94.56195175877372,94.56195175877372,56.72640424188915,52.08635706428542
77,130.64837674325963,2021-06-21,78,60.38967276830752,87.32968107945756,95.02459823293378,95.02459823293378,64.1186014920262,75.65496296797768
78,51.12237107480033,2021-06-22,79,60.65057048203376,83.00494811738405,94.46887383852703,94.46887383852703,62.81897845030362,68.29518540002448
79,67.76874223032108,2021-06-23,80,58.530063510109855,82.92868189347432,94.13512219342445,94.13512219342445,63.31395482830537,68.13725244911346
80,46.991308223893824,2021-06-24,81,57.85520069394709,79.7705788571108,93.55309979873888,93.55309979873888,61.68169016786422,61.79346918154757
81,40.03978637442112,2021-06-25,82,58.829360405979706,77.49177912432296,92.90049841551551,92.90049841551551,59.517499788519906,55.26736433940963
82,50.3731986741772,2021-06-26,83,58.59734432757544,75.67487696489371,92.38812131019817,92.38812131019817,58.603069677085635,53.7991146398399
83,20.03206590052304,2021-06-27,84,56.33940763741753,74.17617807287618,91.52673969817823,91.52673969817823,54.745969299429376,43.669000018044834
84,37.97723574205249,2021-06-28,85,55.24479402722107,71.59163510358034,90.89674553398852,90.89674553398852,53.06909594369169,41.96147073524713
85,59.73154897812366,2021-06-29,86,55.126651803805586,69.86863371382701,90.53435952752498,90.53435952752498,53.73534124713489,47.292494208110085
86,79.43613490424968,2021-06-30,87,55.14850554745888,69.08980560192532,90.40679372725744,90.40679372725744,56.305420612846376,56.93558641695196
87,43.08012402478781,2021-07-01,88,55.28608630700435,68.54762483814672,89.86899066245665,89.86899066245665,54.98289095404052,52.77894769930271
88,80.37874050780695,2021-07-02,89,55.895323995365814,68.09655532553893,89.76235863824711,89.76235863824711,57.52247590941716,61.05888554185398
89,107.8647667580904,2021-07-03,90,56.59668175377869,67.78901864957426,89.96349650624536,89.96349650624536,62.55670499428449,75.1006499067249
90,77.82133025135998,2021-07-04,91,57.553235525586985,66.95227486495136,85.72526241088099,89.83006610784003,64.08316751999203,75.91685401011543
91,63.98407864911531,2021-07-05,92,58.5427129139729,65.5473755787881,84.62369538173515,89.54913146154954,64.07325863290436,72.33702140181539
92,36.44913225363497,2021-07-06,93,58.75337217625531,65.19046229322898,83.30621563019722,88.97816372813111,61.31084599497742,61.57065465736126
93,49.94072470050568,2021-07-07,94,59.42114964875386,65.07072221355585,82.7011045094336,88.5628718235819,60.17383386553025,58.081675670304584
94,26.49484866626871,2021-07-08,95,57.19360719782504,64.64958627094231,81.90124797510111,87.90952421139966,56.8059353456041,48.60562756909382
95,37.15356307143859,2021-07-09,96,56.69703694941981,64.35518558589199,81.09471924854817,87.3808162828584,54.84069811818755,45.170008219797246
96,83.44640230274229,2021-07-10,97,58.515040104459295,65.19849001886988,81.40414432004441,87.34025531399122,57.70126853664302,56.65292644468076
97,29.83973652615442,2021-07-11,98,56.02204588169238,63.97723693411924,81.10239061620392,86.75351532636024,54.91511533559416,48.608969469122854
98,43.04325184917261,2021-07-12,99,56.72042727352197,63.117064683093936,80.69018083967836,86.31199751345935,53.727928986952,46.93925418313778
99,61.99774885089444,2021-07-13,100,57.75784566419347,62.54997653769787,79.93841813189395,86.0688550268337,54.554910973346246,51.45680258346478
100,19.74399021754548,2021-07-14,101,55.958872414952985,61.31676095135271,78.98544901021609,85.41217319703875,51.073818897766174,41.94295887368899
101,33.62771507200284,2021-07-15,102,55.84179438289615,60.122822479494445,78.19639530684695,84.90448243110704,49.32920851518984,39.44838573318314
102,5.802385954213423,2021-07-16,103,52.72238464909891,57.013440756834775,76.93080470216202,84.1365009119139,44.976526259092196,29.35458579949222
103,54.05577118602668,2021-07-17,104,52.585816394253314,56.14259342150289,77.35664340527644,83.84726312608807,45.88445075178565,36.764941415452554
104,52.28689082701542,2021-07-18,105,52.653159312627714,56.15114570441063,76.94653064304326,83.54668815181118,46.52469475930863,41.421526238921416
105,35.520045383582165,2021-07-19,106,52.645296453181096,56.536450299426,76.52507076343161,83.09360661626184,45.424229821735985,39.65108198231964
106,19.067977510895755,2021-07-20,107,51.52399978030254,54.83139958616438,74.21248068887449,82.49523625079114,42.788604590651964,33.47615064089247
107,40.69703534687331,2021-07-21,108,48.52562173375632,54.45764725103192,74.39499463089048,82.10821587205116,42.5794476662741,35.64241605268672
108,55.40446855140115,2021-07-22,109,48.66835831630968,54.659464399171725,71.55941818369259,81.86322736452226,43.86194975478681,41.57103180230105
109,46.45285707041402,2021-07-23,110,47.95782881097945,53.243946160544645,71.27173086597602,81.54131490730309,44.12104048634953,43.03557938273494
110,7.301187409770784,2021-07-24,111,46.63482478384201,52.24501273889455,68.72532749935455,80.87248492984784,40.43905517869165,32.31526179084569
111,44.95132391499975,2021-07-25,112,46.7985427018613,52.81395155392051,67.26070031683574,80.55176027792956,40.89028205232246,36.10608042809191
112,100.7058805767327,2021-07-26,113,48.476298765279815,53.53682154642763,66.60868423168908,80.73011532482163,46.871841904763485,55.486020472684146
113,31.373243116274818,2021-07-27,114,48.85433800580487,52.59687282161121,65.73556471718575,80.2971603054484,45.32198202591462,48.25218726576135
114,50.26603956163688,2021-07-28,115,49.26396479979102,52.254379413506044,64.14907833565057,80.03602012506742,45.81638777948685,48.856342954524
115,31.55698676326081,2021-07-29,116,48.32481272596226,51.72573226488392,62.68736005120543,79.61809742367255,44.39044767786425,43.66653609714504
116,63.01763454750008,2021-07-30,117,47.77752938073728,51.46301746409809,61.98571352819597,79.4762131255856,46.253166364827834,49.47186563225155
117,17.269737984032844,2021-07-31,118,46.917183179378775,51.10163474319156,61.337477618557394,78.94903960743686,43.35482352674834,39.81122733778593
118,87.42021316493235,2021-08-01,119,47.151898934616284,51.52361146499105,61.11500319523138,79.02022593985279,47.761362490566746,54.09392308592986
119,39.610668232257694,2021-08-02,120,44.87676231708853,50.73672203543361,60.151599872079004,78.69181295895616,46.94629306473584,49.748946629828204
120,40.37355883986554,2021-08-03,121,43.62850327003871,50.59086939781285,59.17768433331381,78.37513317284797,46.28901964224882,46.9363302928394
121,37.7869311750385,2021-08-04,122,42.75526502090282,50.648988967437866,57.95000539282634,78.04244299253806,45.438810795527786,44.19151055749913
122,44.15616377518286,2021-08-05,123,43.01216607162109,50.88276912393819,57.79769688602635,77.76694478751891,45.31054609349329,44.18090652280425
123,34.36279376400499,2021-08-06,124,42.492901707071056,50.95702567791247,57.54478204472759,77.41691131152282,44.21577086054447,41.235472695164475
124,68.24930108405572,2021-08-07,125,43.88471678766396,50.53916199274451,57.727963109849526,77.34357042970309,46.61912388289559,49.33962121183184
125,45.46907249133653,2021-08-08,126,44.161900434993896,50.42946869220685,57.62409053559263,77.09059822384303,46.50411874373969,48.178456595683244
126,15.425552658299964,2021-08-09,127,41.89453878017915,50.204789442319225,57.43050627263963,76.60504668395687,43.39626213519572,38.35258541446826
127,36.44972077232409,2021-08-10,128,42.11487158838481,49.06845873503859,56.68978181887443,76.29133320027225,42.70160799890856,37.78172602182501
128,31.278239989936,2021-08-11,129,41.72270452641025,49.22156589996611,55.98561129753271,75.94239449321537,41.5592711980113,35.83068021225831
129,38.47504328233769,2021-08-12,130,40.938614340791695,49.34823000249259,55.346189138729144,75.65418409928554,41.25084840644394,36.62398913328212
130,50.0019767586083,2021-08-13,131,41.947213892160455,48.95304315355672,54.86024526495529,75.45836572263914,42.125961241660384,40.63738542087997
131,41.92438171432515,2021-08-14,132,42.223769446904534,49.03278191490035,54.15647146863114,75.20432038924284,42.10580328892686,41.023484308913524
132,29.568805420287354,2021-08-15,133,43.015983429107,47.869184039102954,52.347621647592185,74.86119621654392,40.85210350206291,37.587080642325674
133,30.058339430406715,2021-08-16,134,42.216069037253,47.40094271575315,51.50041862675292,74.52684653903543,39.77272709489729,35.328458278749984
134,70.67688115066832,2021-08-17,135,42.82906871470809,47.741114013667904,51.71045337450979,74.49832827689937,42.863142500474396,45.932985140325485
135,19.16795563831084,2021-08-18,136,42.28399905653239,47.46464775485674,51.785633218461456,74.09148730161564,40.493623814258044,37.90347628972109
136,50.44039378430636,2021-08-19,137,43.32974626564607,47.4268730229743,50.99751514599161,73.9188515825112,41.488300811262874,41.664551538096674
137,42.341315640016894,2021-08-20,138,43.38455560875086,45.95508867125359,50.766616703604896,73.69002885829022,41.57360229413828,41.86758076867274
138,56.93083627595406,2021-08-21,139,43.43543453290262,46.05189642460615,50.918121110415356,73.56945912748205,43.109325692319864,46.38655742085713
139,24.963399442994604,2021-08-22,140,42.7191192786553,45.338474044817374,49.735670533248204,73.22227298687856,41.29473306738734,39.95961002749837
140,23.556401884237225,2021-08-23,141,43.26095976113753,44.94789227248977,49.25032841297554,72.87003276629247,39.52089994907233,35.03864758452003
141,39.84727152522672,2021-08-24,142,43.09082468147842,44.94468369166986,49.57290926310648,72.63747810966524,39.55353710668777,36.48123476673203
142,34.86951108633385,2021-08-25,143,40.896279031798464,44.68628889853914,49.32330737488457,72.37336645215942,39.08513450465238,35.99771766261257
143,39.2607857227726,2021-08-26,144,41.15919711868172,45.006767562243304,48.78431425396804,72.14341797487201,39.10269962646441,36.97663808066058
144,17.290022513297792,2021-08-27,145,40.059996550403746,44.66198067509739,48.18958512580528,71.76511869582667,36.92143191514775,31.07065341045174
145,10.38725431768584,2021-08-28,146,39.354338802217924,43.839575764090085,47.601934443995255,71.34472236446955,34.26801415540156,24.86563368262197
146,26.584937038350898,2021-08-29,147,38.13991555191294,42.958722466325106,47.0219834933697,71.04023402891772,33.499706443696496,25.381424689340648
147,14.797902004927186,2021-08-30,148,38.05752101927609,42.48735209932743,46.75359683521973,70.66021827199887,31.629525999819567,22.206367884016608
148,24.7232742944652,2021-08-31,149,35.96762305692719,41.55976099577174,46.33828199563643,70.35191663456574,30.93890082928413,22.961439807151184
149,30.147980186951244,2021-09-01,150,35.652200122083634,40.26448121958608,45.70854806431695,70.08389039158165,30.859808765050843,25.1174019210912
150,54.44435393579567,2021-09-02,151,36.12122662528131,39.87486494766001,45.76765514030233,69.98031730247048,33.21826328212533,33.91548752550254
151,44.50114688809139,2021-09-03,152,36.345033815716405,39.550149418309616,45.88100391686404,69.81269118132326,34.346551642721934,37.091185334279196
152,56.41116755188272,2021-09-04,153,36.7535339416064,39.88285000661374,46.17302406316094,69.7250995236145,36.55301323363801,42.887179999560246
153,83.01771047035894,2021-09-05,154,38.37536449848486,40.43413310277796,46.76313861810326,69.81141517911283,41.1994829573101,54.926339140799854
154,22.54977604052216,2021-09-06,155,36.852046997033746,40.36838189234886,45.97679032750758,69.5065013782187,39.33451226563131,45.21337021071655
155,85.34598161480001,2021-09-07,156,38.18127730114919,41.171588868071545,46.34673822852097,69.60803650794037,43.93565920054819,57.253153631941586
156,117.08780730947724,2021-09-08,157,41.5700191228551,41.73227895151713,47.32653266916452,69.91045543024316,51.25087401144109,75.20354973520227
157,35.794396802928155,2021-09-09,158,41.5481749905419,41.831523289463355,46.56169748687302,69.6945310085513,49.7052262905898,63.380803855520035
158,19.32621958945968,2021-09-10,159,41.14977431052603,41.43623941846814,46.53096870348609,69.37774917572682,46.66732562047679,50.164428575701926
159,19.446435661616576,2021-09-11,160,40.51548738983533,40.72705086531351,46.403982464940164,69.06567846626362,43.94523662459077,40.94903070147632
160,49.8763791384048,2021-09-12,161,40.5113008024952,41.22925734732783,46.13912903653621,68.94649027168064,44.53835087597217,43.62723523255486
161,25.396121983871303,2021-09-13,162,39.96035881148008,41.0920641291923,46.00864088042691,68.67766083780528,42.62412798676209,38.15790125794979
162,13.945978283712693,2021-09-14,163,39.43959790692759,41.22779066801729,45.0593219950445,68.3418836442219,39.75631301645715,30.894324365678656
163,76.17571869004684,2021-09-15,164,40.97684388224892,41.596456459750954,45.25957643791841,68.38965093108668,43.39825358381612,44.478742662989106
164,53.998625670011386,2021-09-16,165,40.42090203289369,41.6249853738009,45.30104335340984,68.30243259617107,44.45829079243565,47.33470756509578
165,41.11902328164599,2021-09-17,166,41.15260428767154,41.71830167210195,45.360633265795,68.13867711837274,44.12436404135668,45.47000228006085
166,2.793874853779648,2021-09-18,167,39.564386989987305,41.44706662781669,44.806044345311975,67.74739087726739,39.99131512259898,32.66716405217649
167,35.56807477286043,2021-09-19,168,39.33861229441542,41.36158395158314,43.74959654564087,67.55584732902688,39.548991087625126,33.537437268381666
168,27.908980061675525,2021-09-20,169,38.37121708727282,40.903325810087715,43.49166997882837,67.32125048129106,38.38498998503017,31.848900106369822
169,125.53041204546624,2021-09-21,170,41.723450840688535,42.22128505967192,44.13346631010776,67.66365731402149,47.09953219107378,59.953353688098744
170,135.77562965304384,2021-09-22,171,45.46409176631541,44.36252576372647,45.11995877043165,68.06197294173508,55.96714193727078,82.70003647758227
171,26.400308944932565,2021-09-23,172,45.01585968030562,44.05334218089202,44.96840902121511,67.81975396500948,53.010458638036965,65.81011821778736
172,58.447263236264746,2021-09-24,173,45.801784751969976,43.349031891884216,45.05812084968275,67.76557771802253,53.554139097859746,63.60126172333057
173,58.84029344570848,2021-09-25,174,46.45443500940118,43.80681606404144,45.48932337796259,67.71428298082532,54.08275453264462,62.17297124004394
174,61.34825930548945,2021-09-26,175,47.92304290247423,43.991519726438995,45.749001417556336,67.67790570268055,54.809305009929105,61.925557659677594
175,56.74050496630187,2021-09-27,176,49.46815125742809,44.41124502982301,45.71576759520276,67.61576138031475,55.00242500556638,60.37004185166487
176,51.31659092968498,2021-09-28,177,50.29253972047256,44.216227636192755,45.40332821770759,67.52367567155413,54.63384159797824,57.6540065750709
177,78.31913659012505,2021-09-29,178,52.40991420664582,45.23371761296096,45.79487280176689,67.58432432840003,57.00237109719292,63.85354557958715
178,43.54629219307932,2021-09-30,179,53.037348136599626,44.502485596763414,45.3856233760477,67.4500336460798,55.65676320678156,57.761369563634794
179,81.79814965386774,2021-10-01,180,54.75902045216352,45.20561028712358,45.09599429711189,67.52974540167862,58.27090185149018,64.97240359070467
180,96.83405837535128,2021-10-02,181,56.1720106001487,46.146618612715,45.30724683182291,65.51625462135195,62.12721750387629,74.53090002609865
181,44.67403464706644,2021-10-03,182,56.17777352544787,46.26140367058213,45.0926907873557,64.85819308454542,60.3818992181953,65.57384041238898
182,113.35292921755192,2021-10-04,183,58.075832247636846,47.41468309462162,45.947177420288114,64.62669652524266,65.67900221813096,79.90756705393785
183,56.96943496820211,2021-10-05,184,57.20755639756495,47.7914604480249,46.0252742010403,64.36318935523694,64.80804549313808,73.02612742821714
184,66.48300028629494,2021-10-06,185,58.67199720575738,47.76202210139556,46.469586996818364,64.18541748595973,64.97554097245377,71.06318928564048
185,74.4639100417317,2021-10-07,186,58.3092614866551,48.24526939390215,46.884146407599395,63.98943282807379,65.92437787938157,72.08340551246783
186,38.45891317558674,2021-10-08,187,55.68829834885875,48.62915873585692,46.38428541729766,63.89421486867104,63.17783140900209,61.9960578114035
187,119.71749566094864,2021-10-09,188,58.48573497745943,50.01695498400067,47.382927185462044,64.24265890083299,68.83179783419675,79.31248916626704
188,93.77967801855982,2021-10-10,189,60.967516925096106,51.05864561781107,47.946665254010796,64.31842304684457,71.32658585263306,83.65264582195488
189,44.64358860198693,2021-10-11,190,61.807422023108444,51.16145470647188,47.753841251245156,63.846129691569566,68.65828612756845,71.94992865596448
190,201.92922872064304,2021-10-12,191,66.87585034251639,53.69357557250579,49.77812167905735,64.38178534463673,81.9853803868759,110.94371867536805
191,165.67848026757372,2021-10-13,192,71.55192895197314,55.75614388172661,51.24535240345258,64.72087385514976,90.35469037494569,127.36414715302973
192,45.15055179345097,2021-10-14,193,72.59208140229775,56.01583965461267,51.682554246110776,64.3066794741364,85.83427651679622,102.7000685451561
193,70.56482206927109,2021-10-15,194,72.40505151493856,56.69094769859374,51.86598814481349,64.61131577504497,84.30733107204372,93.0594946023906
194,119.73839090457938,2021-10-16,195,74.59637702275748,57.50863952782559,52.61544925678642,64.78098994991484,87.85043705529729,101.06316349304723
195,106.74357638457468,2021-10-17,196,76.78386212618845,58.96823320692999,53.40682182346412,64.96594629344787,89.73975098822503,102.76728736050546
196,138.32542038543383,2021-10-18,197,81.30158031057691,60.43298365028212,54.7319045220701,64.4721926054723,94.5983179279459,113.43472726798396
197,122.93598633898831,2021-10-19,198,84.21384402944786,61.776228161931634,55.6456706442047,65.0203326375476,97.43208476905014,116.28510498928526
198,209.10794394903488,2021-10-20,199,90.25380949235982,64.31251328981632,57.35348703751175,64.45645261060217,108.59967068704862,144.13195667721013
199,149.61135121239565,2021-10-21,200,91.05650746459081,66.38997915263967,58.499692527978205,64.88571169697713,112.70083873958332,145.77577503776578
200,112.64963444293224,2021-10-22,201,90.28564095758708,67.87486636195125,59.670230828346675,64.19777916385061,112.69571830991822,135.8379328593157
201,95.89859052236056,2021-10-23,202,92.60225034350135,68.80905501190348,60.23631156842846,63.7485059426321,111.01600553116245,123.85613015822916
202,46.79058037298044,2021-10-24,203,92.21369424805854,69.00773950001425,59.637252677275654,63.12296845448236,104.59346301534426,100.73646522265454
203,46.92105206156236,2021-10-25,204,91.81638620192032,69.13541060566077,59.810006110001076,62.77278541359341,98.82622191996607,84.59184127432688
204,240.08220874036303,2021-10-26,205,97.77418451641613,72.84861370944517,61.91907465643137,63.034076496040974,112.95182060200577,131.2389515141377
205,305.8816904720392,2021-10-27,206,106.0788906999407,77.7735209786844,64.96712691986224,63.827243485533835,132.24480758900913,183.63177320150817
206,79.88446022267703,2021-10-28,207,107.03115300970711,78.66184636508983,65.15453609403086,63.570124811113416,127.00877285237593,152.5075793078588
207,73.62591913702589,2021-10-29,208,106.87471242793713,79.64231331729147,65.78071588461968,63.55909675158854,121.67048748084092,128.84308125660894
208,51.52229335466312,2021-10-30,209,107.14057913332324,80.08896363496144,65.38185010895002,63.2484266520907,114.65566806822315,105.64684488602519
209,125.27854779906887,2021-10-31,210,108.58992573816327,81.6744730951634,66.33371543747015,63.242657654774575,115.71795604130773,111.53635575993829
210,78.91472600277392,2021-11-01,211,107.99261465907738,82.08231262961303,66.76195062816913,62.969817480741476,112.03763303745436,101.74986683278897
211,123.1361499194085,2021-11-02,212,110.60801850148877,83.39289601346833,67.71027528088436,62.83014033685535,113.14748472564978,108.16575175877483
212,86.31326920275404,2021-11-03,213,109.70669650099553,83.8912643743162,68.17868756341292,62.98819222471963,110.4640631733602,101.61000699196859
213,172.90072152476966,2021-11-04,214,113.57107271954777,85.38931455855636,69.71799787186586,63.63138995829673,116.70772900850115,122.9972213518089
214,113.6289682602563,2021-11-05,215,115.14260498534648,86.90730109555193,70.22221639604587,63.975089752947696,116.39985293367667,120.18674542434312
215,71.19176231942463,2021-11-06,216,115.03353339460291,86.67139744062902,70.5080240608024,64.0660572981975,111.87904387225147,105.48825049286756
216,83.23760647161853,2021-11-07,217,116.52615650447065,86.10722742666469,71.26149132539483,64.34599879901724,109.01490013218817,98.81305728649285
217,52.26895339392758,2021-11-08,218,114.27787176223661,86.38180336984801,71.43726057674598,64.06352119781022,103.34030545836211,84.84982611872327
218,41.44987574380447,2021-11-09,219,112.53354501974475,86.75053097242044,71.55027875178895,63.76794502466083,97.15126248690635,71.82984100624763
219,74.98260088485023,2021-11-10,220,113.54484542917355,87.67613372614099,71.95591828070577,63.65105370971746,94.93439632670074,72.7756689698284
220,80.43046126963172,2021-11-11,221,109.49488651413984,88.1853684283281,72.29401255305046,63.57712890900288,93.48400282099384,75.07210665976939
221,31.248816354851485,2021-11-12,222,105.01389771704909,88.28291333451111,72.17539516016743,63.16593331439928,87.26048417437961,61.925119568294015
222,76.7032641187843,2021-11-13,223,106.0656547945602,89.32886809842897,72.69911136792851,62.523366507760336,86.20476216882008,66.3585629334411
223,239.7025588083796,2021-11-14,224,111.70357935253047,92.05431543373452,75.02849158323932,63.26445510499612,101.55454183277604,118.36176169592264
224,294.72231034170187,2021-11-15,225,117.53637666710122,96.06637684492937,77.51788524091747,64.61416930771362,120.87131868366863,171.2699262896564
225,260.2054844715268,2021-11-16,226,122.65177360333297,99.7178178647607,80.19608000573098,65.99085661209622,134.80473526245444,197.9505937442175
226,262.99148346441194,2021-11-17,227,126.8073090392989,104.05444467493791,82.55775877995437,66.77763696297299,147.6234100826502,217.46286066027585
227,97.17319682340872,2021-11-18,228,125.94854938877958,105.08119670911371,83.16700190421429,66.9668093039096,142.57838875672604,181.3759615092157
228,70.6320784996359,2021-11-19,229,121.33268720713295,105.79324834974639,83.31923792892186,67.11867951966862,135.38375773101703,148.15279660634175
229,63.48598302453497,2021-11-20,230,118.46184160087093,104.75917453273087,83.74726663538341,66.74146858431581,128.19398026036882,122.75275253179971
230,164.53104748928126,2021-11-21,231,120.19122203574923,105.23843149666816,85.31365158655058,67.28198999976306,131.82768698326007,135.28624101904416
231,194.6300194014047,2021-11-22,232,123.48226966505071,108.04226000427602,87.03345989628589,68.30318457969618,138.10792022507454,153.0893745337523
232,114.74911175682077,2021-11-23,233,125.74755404451204,108.9806241462853,87.92101101484687,68.62215919486572,135.77203937824916,141.58729570067283
233,211.234182092311,2021-11-24,234,131.22465837887034,111.52052229039533,89.83182653006394,69.30807039201599,143.31825364965533,162.48136161816427
234,87.43092230803508,2021-11-25,235,126.1362821644594,111.95523334043777,90.61116986111658,69.40037749346094,137.7295205154933,139.9662298251255
235,132.88744401427866,2021-11-26,236,120.36980728253405,113.22434899123736,91.97228307996761,69.78710876198144,137.24531286537186,137.84259408187145
236,174.5168719690598,2021-11-27,237,123.52422100741347,115.27768700856028,93.61597124586439,70.31897736961704,140.97246877574065,148.84487744802794
237,80.1069119866589,2021-11-28,238,123.74025410240124,115.30748326516918,94.34162691232808,70.5476118737739,134.88591309683247,128.2234878096172
238,70.75314268907869,2021-11-29,239,124.38128241354843,115.76093077343583,94.85306989449045,70.59567594506343,128.4726360560571,110.98238427345565
239,53.26968905126014,2021-11-30,240,121.98098712195481,115.28545643005904,95.10997777076054,70.40926291753874,120.9523413555774,93.66857570679699
240,37.45959397824084,2021-12-01,241,120.5991493878037,114.29588202344054,94.92125821567659,70.34445667798947,112.60306661784375,76.80588118823015
241,77.82331188801585,2021-12-02,242,119.08872145342394,114.84836997745636,95.29150449345353,70.5862542051588,109.12509114486096,77.11111039816586
242,95.40208526125704,2021-12-03,243,119.39168198870738,114.54918924485146,95.7247369124466,70.94888048780376,107.75279055650057,82.59840285709322
243,124.38219073707354,2021-12-04,244,117.7743976291175,115.67273517433264,96.1843422487434,71.47374043342333,109.41573057455787,95.13353922108732
244,29.39338694954169,2021-12-05,245,114.96654491876035,115.05457495205343,96.26038236995474,71.11858634873116,101.41349621205626,75.41149353962362
245,66.27412744281744,2021-12-06,246,114.80262375620678,114.91807857540486,96.04847287915493,71.19760555383795,97.89955933513238,72.67028371058177
246,75.97365635903695,2021-12-07,247,114.5604920857874,115.54332429512901,95.5916489797056,71.45909082443505,95.70696903752284,73.66129550511832
247,73.1375374920742,2021-12-08,248,115.25611155572561,114.76699165898111,96.00657276514055,71.28413512600679,93.45002588297798,73.50416810120508
248,84.18946878960224,2021-12-09,249,116.68076465725221,114.60715483849849,96.72727553403102,71.62912211875856,92.52397017364041,76.70975830772423
249,75.94070219185579,2021-12-10,250,116.71270136748574,115.12877339832964,97.35498960658923,71.8794860357647,90.86564337546196,76.47904147296369
250,46.531674592608816,2021-12-11,251,115.58274181158497,112.53881416286238,97.31782622274706,71.72847762964163,86.43224649717665,67.49483140885722
251,49.3937932595239,2021-12-12,252,116.18757437507405,110.60073604606158,97.58446701469877,71.79655394756284,82.72840117341137,62.064519964057226
252,31.819500946091868,2021-12-13,253,114.69144893598428,110.37855186527226,97.78306171094741,71.42119185299596,77.63751115067943,52.99101425866762
253,89.16240987607125,2021-12-14,254,109.67344397157402,110.68851166205225,97.92735827968102,71.59346735879971,78.79000102321861,63.8424329438887
254,53.76595810295769,2021-12-15,255,101.64156556361588,109.58897111535856,97.92477308449153,71.61290821895068,76.28759673119252,60.81949049160939
255,29.0977908899842,2021-12-16,256,93.93797577756445,108.29487469044872,97.79120383569528,71.57591855074514,71.5686161470717,51.30298061112183
256,48.48085851130007,2021-12-17,257,86.78762161246073,106.79746532587981,98.29883698744553,71.55244066637874,69.25984038349453,50.4563439811753
257,63.05061329672509,2021-12-18,258,85.65020216157129,105.79937577517542,98.60419852659955,71.17689753612022,68.63891767481759,54.23462477584023
258,63.336614804259554,2021-12-19,259,85.40702003839208,103.3698536227625,98.99783891262828,71.24475444572833,68.10868738776179,56.96522178436602
259,73.45255082787145,2021-12-20,260,85.73923896516995,102.10054028302044,98.41919601021057,71.27633116015916,68.64307373177276,61.91142049741765
260,17.52806955007581,2021-12-21,261,80.83913970052977,100.51518086813948,97.10533423128868,71.11264650086018,63.53157331360306,48.596415213215096
261,17.805853545156058,2021-12-22,262,74.9450008386548,99.21363525185276,97.00984028240228,70.98912465180871,58.95900133675836,39.35924671279738
262,31.664044618463542,2021-12-23,263,72.17549860070957,98.96152632261081,96.71224896442672,70.88518490705474,56.22950566492888,37.05068608449723
263,56.357678299385874,2021-12-24,264,67.01294847427873,99.11880342657453,96.68466435168982,71.0869938648262,56.24232292837458,42.84278374896382
264,85.09736299148246,2021-12-25,265,66.93516316372698,96.53572266409319,96.94854328153417,71.34877234954524,59.127826934685366,55.51915752171941
265,44.71648054866926,2021-12-26,266,63.996131048206664,92.18296916537037,96.81494301022714,71.26535530271494,57.686692296083756,52.27835442980436
266,35.4564989083766,2021-12-27,267,59.36078527951723,91.44250314346534,96.63871976554593,71.02102399162676,55.46367295731304,47.23179777337603
267,35.25903209168255,2021-12-28,268,57.86585594968468,90.80305502604297,96.16027416000769,70.97757348088729,53.44320887074999,43.63996806886799
268,9.164967365716755,2021-12-29,269,55.812916772239284,90.09709959289384,95.77825943970365,70.58194140787568,49.015384720246665,33.29746785792261
269,41.24376550195208,2021-12-30,270,55.41205265392902,88.6965198879419,95.32765517134904,70.21182473423046,48.238222798417205,35.68135715113145
270,58.73815979767253,2021-12-31,271,56.12133818124341,88.36024378452356,94.90436740937483,70.10580712059887,49.288216498342734,42.59839794509377
271,31.52846028563102,2022-01-01,272,54.57817646116391,86.83344895729392,94.75830547202554,69.92549812969062,47.51224087707157,39.277416647254945
272,18.13018837486971,2022-01-02,273,52.002446564951,85.6970642768292,93.70027501821798,69.82372621925303,44.57403562685138,32.933248165539375
273,97.47577034797344,2022-01-03,274,51.105565885314334,84.43998175721592,94.15034541132653,70.08780980618342,49.86420909896359,52.29600482026959
274,24.4993144059995,2022-01-04,275,50.94243013386292,82.95448752631164,93.68386001265661,70.07672350473747,47.32771962966718,43.956997695988555
275,95.07525569786569,2022-01-05,276,51.90246774236453,83.35254574928565,93.91287496439143,70.3985106859954,52.10247323648703,59.29247509655169
276,70.861555904631,2022-01-06,277,51.732064393884336,83.14627823983588,94.27290432804746,70.32859487267257,53.97838150330143,62.76319933897548
277,173.31204796703315,2022-01-07,278,55.07121474304963,85.16366314938763,94.86839935367061,71.12566326956633,65.9117481496746,95.92785392739279
278,130.43424412903062,2022-01-08,279,56.61270725436391,86.64673595580805,95.27567231045363,71.61116878223221,72.3639977476102,106.27977098788415
279,24.6295055176754,2022-01-09,280,54.90233403189123,85.80751769968849,95.05329360951683,71.403567430381,67.59054852461672,81.78469134682152
280,111.7234703199142,2022-01-10,281,57.075393889468074,86.32906785052653,94.05100740506428,71.91456454206083,72.00384070414647,90.76632503874932
281,29.309081084625035,2022-01-11,282,56.40590348363811,86.29673892935608,92.53579185858709,71.89057213101984,67.73436474219433,72.32915185251203
282,52.30091626942559,2022-01-12,283,57.08861732774924,85.89003313186677,92.61524035276459,72.14889729943768,66.19101989491746,66.3206811775861
283,47.68106447725044,2022-01-13,284,55.705905814455214,82.68967489301461,92.36097637951991,72.11348226216668,64.34002435315075,60.72879616748539
284,26.94388449663601,2022-01-14,285,54.811836694244484,78.22670112893019,91.32992630832054,71.97268778255348,60.60041036749928,50.59332266623058
285,41.96533158145654,2022-01-15,286,55.24075471729358,74.58936524742901,90.61016803273034,72.00849492809722,58.736902488895005,48.00492534079836
286,31.77278752545058,2022-01-16,287,54.68381901776525,70.735720315113,89.42624988984163,72.07907720595587,56.04049099255056,43.13528399619402
287,23.33862851068738,2022-01-17,288,53.36008619156399,69.50514417656764,88.31961258063829,71.9826416124215,52.77030474436424,37.19628735054202
288,34.25224898797538,2022-01-18,289,52.390607331021194,68.89881368470664,86.37677152551541,71.86512928151357,50.918499168725354,36.313075841772026
289,39.21775380981106,2022-01-19,290,51.249447430419174,68.49434319779455,85.15017599882002,71.82493426339911,49.748424632833924,37.18447923218373
290,26.704855480071203,2022-01-20,291,51.555340294752355,66.19723999764106,84.19523401034378,71.93273241934523,47.44406771755765,34.04059210654997
291,371.1828061674137,2022-01-21,292,63.33457204882761,69.13978644374122,87.25394751751104,73.74512954296975,79.81794156254325,135.1832563248091
292,252.80185139122167,2022-01-22,293,70.7058322745862,71.44066543764788,89.54296163993595,74.5901071586058,97.1163325454111,170.46883484473287
293,51.93533004821652,2022-01-23,294,70.55842066621389,68.78568457024632,89.59867583978766,74.70434097489436,92.59823229569164,134.90878340577797
294,123.32250585589463,2022-01-24,295,71.83259209502764,69.38387762937731,88.301345807738,75.1102102320847,95.67065965171194,131.43290014081296
295,41.00203757654275,2022-01-25,296,71.7087773292901,67.85245418874838,85.3582385533436,75.16268273660292,90.20379744419502,104.3036413715319
296,54.25852365025548,2022-01-26,297,72.33551148735272,65.84814838343497,85.07350592476115,75.11402100939601,86.60927006480107,89.29010605514897
297,149.41481334952155,2022-01-27,298,76.14070419594735,67.00328007281601,85.91560474934442,75.84816031698205,92.88982439327312,107.32751824346073
298,31.61129056404057,2022-01-28,299,76.88891496922481,66.35091587073205,85.69437138500417,75.5381107469771,86.76197101034987,84.61264993963466
299,46.65034520563223,2022-01-29,300,77.06913429268083,66.24059347330491,84.82072468952154,75.57722006349584,82.7508084298781,73.22395851943392
300,43.29574049667344,2022-01-30,301,76.55438698264751,66.33786258194546,84.4249581838982,75.59345440603367,78.80530163655764,64.24549311260577
301,21.00333300170681,2022-01-31,302,76.2035494065167,65.39086293384031,83.29014910703485,75.50021219395961,73.02510477307256,51.27284507933608
302,31.578687246295573,2022-02-01,303,76.65183270223089,64.32713963359096,82.68198708529643,75.43033732435468,68.88046302039486,45.36459772942392
303,27.68833468026072,2022-02-02,304,74.3255848466405,62.71557536597741,81.06851612035743,75.39325699611165,64.76125018638145,40.06171881467496
304,19.85325780780444,2022-02-03,305,74.17071629336732,62.55657321361512,80.02656378199686,75.12439008902138,60.270450948523745,33.999180512613805
305,43.8736685852392,2022-02-04,306,72.46399672294642,62.18323223265548,79.72302940717259,75.1155267339875,58.63077271219529,36.96152693440142
306,46.12602358214836,2022-02-05,307,71.63947897886366,61.685771686374004,79.31067848617846,75.28608490578665,57.38029779919059,39.7108759287255
307,63.41834143365945,2022-02-06,308,67.97635542775122,61.52378508540042,79.43456057550883,75.4359105761274,57.98410216263748,46.82311558020568
308,41.36531475816001,2022-02-07,309,65.00739111538886,60.810049184876384,79.43362100900166,75.49194988039531,56.32222342218973,45.18577533359198
309,28.135996760981183,2022-02-08,310,65.12427415683239,60.013304094361814,78.91310318540312,75.43451073305444,53.50360075606888,40.07084176180874
310,34.93753002840655,2022-02-09,311,62.56474281378213,59.8200683516251,78.40762617161172,75.35081936233111,51.64699368330265,38.53084824178808
311,26.560337537293645,2022-02-10,312,62.47311802887109,59.43951075625459,78.35553196252775,75.2654635613476,49.13832806870175,34.93969503043975
312,12.61648129468364,2022-02-11,313,61.15030352971302,59.11946042873113,77.64345659781553,75.17128398287201,45.48614339129994,28.242730909712915
313,30.89056251451232,2022-02-12,314,60.59062013095509,58.148262972705155,75.32332330566143,75.17590744445039,44.02658530362118,29.037080391152735
314,27.5835429119119,2022-02-13,315,60.611942078130944,57.71188938618772,72.35511477866378,74.93650000979063,42.382281064450254,28.601019147380484
315,23.83932459279789,2022-02-14,316,60.00774184517566,57.624248281234614,69.72882411334456,74.96245205953777,40.527985417285024,27.172510781005705
316,35.43910950801787,2022-02-15,317,60.12995257792791,57.40688579784658,67.20046440271796,74.87911159133617,40.01909782635831,29.652490399109354
317,28.742038033306184,2022-02-16,318,60.31006622868186,56.83507621012293,66.44011819393904,74.80356004907667,38.8913918470531,29.3793546893684
318,37.07446334370648,2022-02-17,319,60.404140040539566,56.39737368578037,66.06725580331761,74.69324686611974,38.709698996718444,31.687887285669824
319,14.316804479069743,2022-02-18,320,59.57410839618152,55.411777913300355,65.52093159725688,74.63409911632014,36.27040954495358,26.4765624436898
320,33.42151411864209,2022-02-19,321,59.79799701746721,55.67666865610978,64.06415900424979,74.68890529540018,35.98552000232243,28.560047946175487
321,24.467565487328184,2022-02-20,322,48.24082232813103,55.78769718847932,62.173465071871156,74.60346248407852,34.833724550823014,27.332303208521292
322,52.65048663096409,2022-02-21,323,41.56911016945578,56.13747122202099,61.48348034825052,74.70224568154869,36.615400758837126,34.92775823525413
323,11.711418909910725,2022-02-22,324,40.22831313151226,55.39336689886308,59.26656075733497,74.54919364369945,34.125002573944485,27.96285643765111
324,38.76526964663569,2022-02-23,325,37.40973859120363,54.621165343115635,58.72583128331942,74.668500572218,34.589029281213605,31.203580400346482
325,73.56840213490237,2022-02-24,326,38.495284076482285,55.10203070288618,58.066730817993005,75.01950694898031,38.48696656658248,43.91302692071325
326,57.3667388168612,2022-02-25,327,38.59889124870247,55.467201368027595,56.76506267185747,75.19051695886093,40.374943791610356,47.949140489557635
327,15.61125445100638,2022-02-26,328,34.138772618751965,55.13973840734966,56.048444254794674,75.19503558356136,37.89857485754996,38.24777467799226
328,41.36014767778364,2022-02-27,329,34.463734522543405,55.6763247458841,55.72185542133583,75.28746265791314,38.24473213957333,39.181486577929675
329,32.017624161937306,2022-02-28,330,33.975977154420235,55.52255572355053,55.48572136701003,75.29784956888528,37.62202134180973,37.03232785313196
330,34.92944602088428,2022-03-01,331,33.69710067189393,55.125743827270725,55.45760861192828,75.18943341380243,37.35276380971718,36.40146330345765
331,27.50388947876235,2022-03-02,332,33.91378588779578,55.05866764715624,54.89850391849213,75.09500420597283,36.367876376621695,33.73219115604906
332,44.40728741312405,2022-03-03,333,34.341405893356736,55.49661929779382,54.33189505351287,75.02831598297972,37.17181748027193,36.93472003317156
333,31.8761445704172,2022-03-04,334,34.480999556361944,54.403292201501216,53.304050096105584,74.74419617242451,36.64225018928646,35.41714739434525
334,49.15664221659315,2022-03-05,335,35.457779036654905,54.8142476650111,53.52364182129505,74.89201209562489,37.89368939201712,39.53899584101962
335,29.336773191571616,2022-03-06,336,34.973215856865984,53.71860628990621,53.11322677405899,74.58084982660695,37.03799777197258,36.478329046185216
336,66.28556931476817,2022-03-07,337,35.645200714619975,53.64233984674183,53.005581362455985,74.2986151710808,39.96275492625214,45.4205011267601
337,41.265248762577215,2022-03-08,338,34.90676429225057,51.44155986000089,52.65144482101714,74.32900879307884,40.09300430988464,44.17392541750523
338,11.009144539352253,2022-03-09,339,33.89489195162364,49.45114153350626,51.83833010712547,74.28280282057825,37.184618332831405,34.224491154059336
339,7.94690648475092,2022-03-10,340,33.2219222757493,49.17309821629085,51.08284348815765,74.21891654737344,34.26084714802336,26.34121575326681
340,31.468822961792387,2022-03-11,341,33.10629870686217,47.835520760322154,50.915478470037456,74.11665234639226,33.98164472940026,27.87949791582448
341,28.982001785528333,2022-03-12,342,33.18702084846999,47.830069438670535,50.68868078699306,74.13657390084592,33.48168043501307,28.210249076735636
342,30.091810208000805,2022-03-13,343,33.76953181224722,47.45991767098012,50.669484223236495,74.22627296709196,33.14269341231184,28.774717416115184
343,5.195219827569838,2022-03-14,344,32.91302038934914,46.751820260152115,49.73651544491981,73.83193686230041,30.347946053837642,21.70086813955158
344,31.924772286621085,2022-03-15,345,33.05772803517279,46.83483505665186,49.49383560251607,73.7093043435038,30.50562867711599,24.76803938367243
345,19.561839081382253,2022-03-16,346,32.91514518479226,46.46144351498397,49.3878805824205,73.5895422090579,29.411249717542617,23.206179292985375
346,26.966320106022803,2022-03-17,347,32.63271887139243,46.38133572466016,49.148830155695194,73.72383357157035,29.166756756390637,24.334221536896603
347,23.73104331998622,2022-03-18,348,32.46568571428176,46.38787597148181,48.711946044842534,73.65807228572105,28.623185412750196,24.153268071823486
348,22.63006001063524,2022-03-19,349,31.984205603179387,46.19417282185948,48.25965099158004,73.62874495210416,28.0238728725387,23.696305653467014
349,14.891781322643611,2022-03-20,350,32.00337149796518,45.78873994707335,47.608975774855296,73.01408589253293,26.710663717549192,21.054948354219995
350,8.514165493552232,2022-03-21,351,31.173126543795522,45.485561780631365,47.50882128533836,72.30707775831353,24.8910138951495,17.292713496019665
351,39.547254920251525,2022-03-22,352,31.675782858226295,39.958302593178665,47.75039241172831,72.38011634706531,26.356637997659703,23.96907592328922
352,34.85685471991501,2022-03-23,353,31.08266179452466,36.325885981990226,47.785868079522224,72.24905852197448,27.206659669885237,27.235409562276956
353,33.9954806805599,2022-03-24,354,31.8254638535463,36.026888492529274,47.53739921709082,72.1110317843903,27.885541770952706,29.263430897761836
354,57.61930137593978,2022-03-25,355,32.45393157785644,34.93183508453003,47.232087421362564,72.09031535144837,30.858917731451413,37.77019204121521
355,35.51128315402025,2022-03-26,356,31.185360945160365,34.84032251082132,47.12980745031092,71.97237523026904,31.3241542737083,37.092519375056725
356,7.026136208612822,2022-03-27,357,29.507340858218754,34.05311605346061,46.813914531424636,71.72631714848528,28.89435246719875,28.07260442512355
357,118.80205132450985,2022-03-28,358,32.94703408733554,33.54290335304375,47.74217030067828,71.95122223034299,37.88512235292986,55.29143849493944
358,47.33724558720285,2022-03-29,359,33.14627068431618,33.80500260342979,48.166306725361466,71.97228308253256,38.83033467635716,52.90518062261846
359,39.13996436506912,2022-03-30,360,33.38368202442057,33.6798295894204,48.14293115717388,71.73529316426145,38.86129764522836,48.775615745353655
360,30.015055929278567,2022-03-31,361,33.219869021367046,33.45848484663049,47.82378555863617,71.3640764840055,37.97667347363338,43.147447800531125
361,36.68505617246775,2022-04-01,362,33.525907911157226,33.7198468994765,47.8810810684899,71.31969327025772,37.84751174351682,41.20873031211211
362,15.736407397121482,2022-04-02,363,32.570211910623804,33.45580890199027,47.85448350207049,70.77737926014423,35.63640130887728,33.56703343761492
363,56.74077344615498,2022-04-03,364,33.3990328731484,33.940016214755175,47.40187242538361,70.77610891835508,37.74683852260505,40.51915544017693
364,32.60030447452825,2022-04-04,365,32.84715494841291,34.15246699253391,47.49188342614505,70.58787171940081,37.23218511779738,38.143500150482325
365,17.121286734825116,2022-04-05,366,32.43997206652135,33.70659396169367,46.625728215444596,70.269301589918,35.221095279500155,31.83683612578516
366,35.3978513488929,2022-04-06,367,31.410381467658844,33.52779109113941,46.23168705371417,70.25229569088081,35.23877088643943,32.90514069271748
367,22.163338139177284,2022-04-07,368,30.77365111354551,32.84020770289804,44.55225694451576,69.7103281490932,33.93122761171322,29.68259992665542
368,28.07796554309099,2022-04-08,369,31.34261181367014,32.61875188264689,43.41496496022755,69.34531863534059,33.345901404851,29.201209611586087
369,76.28527946288872,2022-04-09,370,33.62055757960807,33.421239927678684,43.98891800406326,69.52110580679005,37.63983921065477,43.326430566976875
370,104.94186699009722,2022-04-10,371,36.06965904721823,34.58797887704019,43.91356685595417,68.98228713050923,44.37004198859902,61.81106149391297
371,61.42544280322934,2022-04-11,372,37.151107081141596,35.169063964805794,44.27041531949423,68.40310358904065,46.075582070062055,61.69537588670788
372,28.727080475875468,2022-04-12,373,37.10561609007075,35.437573951158996,44.008483810677,68.31186208172079,44.34073191064339,51.80488726345815
373,31.29416776295356,2022-04-13,374,37.975581021250214,35.444300705299675,43.826407180518146,68.09369178001901,43.036075495874414,45.651671413306765
374,41.96723537039863,2022-04-14,375,38.31032979070946,35.684028912941116,43.99333330133773,67.66162980482913,42.92919148332684,44.54634060043432
375,23.136846683869145,2022-04-15,376,38.42949671079236,35.67232094779231,43.78412791358676,67.19714797315854,40.949957003381066,38.12349242546476
376,18.04844519099301,2022-04-16,377,38.13223421362469,35.38247654250856,43.63163522098167,66.52894255541166,38.65980582214226,32.10097825512323
377,9.692929955757474,2022-04-17,378,37.66429710148373,35.064991407882744,43.48001634814912,65.8998144643937,35.76311823550378,25.3785637653135
378,43.60323896264506,2022-04-18,379,38.36340306655073,35.17380433486506,43.583916236756565,64.98034388113598,36.54713030821791,30.845966324512965
379,16.691368072740456,2022-04-19,380,38.42338929155396,35.21338039475957,43.33362306190022,64.24189953036013,34.56155408467016,26.59958684898121
380,48.24440048005198,2022-04-20,381,39.74773045777062,35.460428500783074,43.572951339677786,63.884092675010784,35.929838724208345,33.09303093830244
381,18.46482164419621,2022-04-21,382,39.0449826819021,35.360382770064206,39.653862622753145,63.45390507013209,34.18333701620713,28.70456815007057
382,26.104689321319697,2022-04-22,383,38.753243835282255,34.917952814903465,37.135005266420904,63.33898345317843,33.37547224671839,27.92460450144531
383,22.68265851411545,2022-04-23,384,38.376149763067446,35.10080680830688,36.80997558270867,63.20432571124816,32.30619087345809,26.35202070524635
384,20.17062854479201,2022-04-24,385,37.12786066869585,34.79089612327615,35.6638436125853,61.982594710161656,31.092634640591484,24.497603057110044
385,12.139469359757207,2022-04-25,386,36.348800208887084,33.76708057702373,35.343148410176575,60.35069348176009,29.197318112508057,20.790162947904193
386,33.00884406941296,2022-04-26,387,37.21489047091375,33.361115664566256,35.10704085927833,60.090273392019746,29.578470708198548,24.455767284356824
387,10.55023332954496,2022-04-27,388,33.606496537748264,33.276765312541905,33.56410108127859,59.73985291531151,27.675646970333187,20.284107097913264
388,19.78070835787928,2022-04-28,389,32.68794529677081,32.91710799054349,33.4326501678768,59.56351077644049,26.886153109087797,20.133087475903068
389,21.72092455837637,2022-04-29,390,32.107310636547716,32.745496330484144,33.15565660512951,58.98819064732553,26.369630254016656,20.609438600645056
390,51.020141562801854,2022-04-30,391,32.80748015766516,33.01367458951611,33.24148328364205,58.83322073377012,28.834681384895177,29.732649489292093
391,56.60720061749474,2022-05-01,392,33.47155163916606,33.49872977516165,33.637081812706356,58.4636154598706,31.611933308155137,37.79501482775289
392,20.103023798470765,2022-05-02,393,33.61710551921104,33.093658714917424,33.509574441063855,58.09578076318014,30.4610423571867,32.48741751896825
393,44.03566656365988,2022-05-03,394,33.1936019564612,33.296317414804804,33.69121146199052,57.37986379117398,31.81850477783402,35.95189223237574
394,41.12943357051937,2022-05-04,395,33.477906259660905,33.1625306040369,33.92761341490957,56.977088598453214,32.749597657102555,37.505154633818826
395,16.816025562195332,2022-05-05,396,33.46773088723991,32.95385147688064,33.62697293687575,56.67500117202417,31.156240447611836,31.298415912331777
396,29.98839393831089,2022-05-06,397,33.287415640220516,32.34889855393968,33.44766594083311,56.37917221350579,31.039455796681743,30.905409320125507
397,60.48899810074707,2022-05-07,398,34.5649376389395,32.66929437624251,33.41511768157853,56.424839128543674,33.98441002708827,39.78048595431197
398,45.418443265467246,2022-05-08,399,35.142953563018715,33.24278268834443,33.460152442770834,56.44688672588625,35.127813350926175,41.471873147658556
399,59.28717141425984,2022-05-09,400,34.57634996139775,34.09845377050291,33.80627660558503,56.359689895494085,37.54374915725954,46.81646262763894
400,75.71185759876626,2022-05-10,401,33.60201631502005,34.835837681119145,34.25932468970015,56.33347543065594,41.360560001410214,55.485081118977135
401,159.6352674516353,2022-05-11,402,36.875677136633584,37.013392108887594,35.73793502208172,57.04673349230473,53.18803074643272,86.73013701877457
402,195.18638486307776,2022-05-12,403,42.42432061620699,39.764968353138876,37.76648950617499,57.70497305199526,67.38786615809724,119.26701137206553
403,43.588621483804026,2022-05-13,404,42.83413574023534,40.40485838074277,37.90757905027823,56.615451177969845,65.00794169066792,96.56349440558706
404,36.84605997396105,2022-05-14,405,42.66342989368742,40.486879842198434,38.01049590652322,55.182805342593504,62.19175351899723,78.64826407609925
405,21.288198627964327,2022-05-15,406,42.60180829182393,40.515652501308146,37.982150062469515,53.85548708790704,58.10139802989394,61.44024444165878
406,46.823361882153314,2022-05-16,407,43.560972181529266,40.84660319757698,38.108641755515464,52.65455307911672,56.973594415119884,57.05517967380713
407,23.11500246951634,2022-05-17,408,44.00837459865457,40.836335850069155,38.04611913814002,52.243118666039535,53.58773522055953,46.87312651251989
408,25.01386440407476,2022-05-18,409,43.38872878003555,40.87606592329314,37.91211248325522,51.989684143286404,50.730348138911054,40.31534787998635
409,37.80305473402567,2022-05-19,410,44.09245166874507,41.257920480149515,38.1730708194214,51.847001208339144,49.43761879842252,39.56165993619814
410,34.42840365519367,2022-05-20,411,43.63191844124979,41.6898244495102,38.18425848093864,51.12420874259422,47.93669728409964,38.021683051896794
411,8.630781264388922,2022-05-21,412,43.30411709525621,41.17454988857916,38.008294211794876,50.090879641833006,44.00610568212857,29.204412515644428
412,23.60747891172439,2022-05-22,413,43.220876748269696,40.987060291775975,37.68559412602554,49.58453723713803,41.96624300508815,27.525332434468417
413,16.420232541767813,2022-05-23,414,43.01212921585811,40.694139489462785,37.737914277490624,48.502237517412794,39.41164195875612,24.193802466658234
414,29.81967511355497,2022-05-24,415,43.333764101483546,40.2308123850897,37.63851878267861,48.18217503299901,38.45244527423601,25.881564260727252
415,20.023138525451344,2022-05-25,416,43.59655307367335,39.97267664128022,37.043571409240265,47.55515111361664,36.609514599357546,24.12403654014448
416,57.82071506561108,2022-05-26,417,44.42361544021329,40.81925295556353,37.04861558978194,46.906839130819705,38.7306346459829,34.23304009778446
417,29.340863546832928,2022-05-27,418,45.04996978078955,39.32823315926891,37.20116680195778,46.62480552837623,37.79165753606791,32.765387132499
418,32.3896036238984,2022-05-28,419,45.470266289656855,39.07910579321383,37.10149409024795,46.41167475579189,37.25145214485096,32.652652079918816
419,32.81175237313018,2022-05-29,420,45.83996055014865,38.973635593348185,37.11031773703898,46.2980195520245,36.807482167678884,32.700382167882225
420,53.01767857884472,2022-05-30,421,45.90654511735008,39.357012637507616,37.31129809879409,46.384453355361195,38.42850180879547,38.79557109117097
421,32.314599505332936,2022-05-31,422,45.09679174694468,39.28417169305537,37.36475043242266,46.131627175457396,37.817111578449214,36.85127961541956
422,44.8629270605125,2022-06-01,423,45.92212185567941,39.76961368744523,37.369813095171416,45.85085407434215,38.52169312665555,39.25477384894744
423,19.02083230912437,2022-06-02,424,45.0882940471949,39.14094800182804,37.22697629226816,45.26551319418687,36.571607044902436,33.184591387000516
424,11.816917142304003,2022-06-03,425,44.11121016625438,38.79455821295765,36.812090458109395,45.16786613970222,34.096138054642594,26.77428911359156
425,22.174833735563915,2022-06-04,426,44.289837105366665,38.878783996303284,36.73251335304264,44.92287006355081,32.90400762273473,25.394452500183263
426,8.01039178395456,2022-06-05,427,43.55723703355479,38.42232633688765,36.08501138047805,44.54529637146702,30.414646038856716,20.17923428531465
427,14.138377685949145,2022-06-06,428,42.012216353061525,38.288576996000515,35.783601701848845,44.217523261432994,28.787019203565958,18.366977305504996
428,32.38988171255613,2022-06-07,429,41.577930967964484,38.360442265491606,36.02116544821778,43.92974777767163,29.147305454464977,22.573848627620336
429,31.257483646649536,2022-06-08,430,40.64360804237747,37.60997900188761,36.28017186112776,43.6815076746427,29.358323273683435,25.178939133329095
430,16.38411570267374,2022-06-09,431,38.66601664584106,36.13401648043056,36.11256400269311,43.51402123636529,28.060902516582466,22.540492104132486
431,45.0783185280787,2022-06-10,432,34.84745168172251,35.861564409178044,36.291411966499226,43.49004637674614,29.762644117732087,29.301840031316345
432,94.5652728863204,2022-06-11,433,31.493414615830595,36.95886761601879,37.00778377403611,43.838633998636304,36.24290699459092,48.88086988781756
433,48.60456133804482,2022-06-12,434,31.660612610971956,37.24737417560365,37.49010979081917,43.61331261786949,37.47907242893631,48.797977322885735
434,236.8957538436554,2022-06-13,435,38.32893573996177,40.49618281682459,39.76756514145288,44.63070037198448,57.42074057040822,105.22731027911664
435,133.79268970446495,2022-06-14,436,42.07908544251179,42.340446867167856,41.03679681504269,45.21233869873159,65.05793548381389,113.79692410672112
436,186.54125970739537,2022-06-15,437,46.73634870335319,45.14866044244123,42.80985169950239,45.979340927598784,77.20626790617204,135.6202247869234
437,140.6178180006423,2022-06-16,438,50.65310922105739,47.33074190985598,44.10859364039856,46.41026984262055,83.54742291561908,137.11950275103905
438,35.02676658485585,2022-06-17,439,50.98687262708343,47.18780070355949,44.24633482455657,46.25299290806831,78.69535728254276,106.49168190118408
439,71.07572068840996,2022-06-18,440,52.09596149222956,48.094206580487324,44.87060081750953,46.23978829618241,77.93339362312948,95.86689353735183
440,128.0365802629891,2022-06-19,441,55.216234045822745,49.42407624353627,46.19862764828105,46.8537244668097,82.94371228711543,105.517799555043
441,62.93685832906978,2022-06-20,442,57.02643661464545,50.165276854950825,46.45851213060125,47.10445227116478,80.94302689131086,92.74351718725103
442,43.51974954524873,2022-06-21,443,57.69017896909625,50.45552785868298,46.55476651754941,47.170317298535814,77.20069915670466,77.97638689465033
443,87.98120351828399,2022-06-22,444,60.07554466831346,51.54383694208578,47.15460788241301,47.34600354975191,78.2787495928626,80.97783188174043
444,66.84221956105429,2022-06-23,445,61.309629483230104,52.32169679235683,47.257084751136496,47.244586086249534,77.13509658968177,76.73714818553458
445,26.243655187430267,2022-06-24,446,61.5169800386294,52.55676655615138,47.15411110706328,47.1419592786871,72.04595244945662,61.58910028610328
446,57.6025307299827,2022-06-25,447,61.509707227441794,52.96666133382754,47.71607104618961,47.264992788807135,70.60161027750922,60.393129419267105
447,30.531827058815782,2022-06-26,448,61.549406011174554,53.29968789598205,46.735290776570785,47.238730538624544,66.59463195563988,51.4347387111317
448,54.91320437550526,2022-06-27,449,62.30019270289478,53.88522949627581,46.819468096440815,47.49288741090113,65.42648919762642,52.478278410443764
449,37.251892468975655,2022-06-28,450,62.4481973727563,54.14407896145247,46.79848951981756,47.470710338495714,62.60902952476135,47.91036262800333
450,42.58745733176714,2022-06-29,451,62.10052333118704,54.00353422426856,46.93818286873409,47.38098421368513,60.60687230546193,46.31349103913247
451,93.71750848038428,2022-06-30,452,64.14728696368874,54.622039355316716,47.571876783266504,47.7264789258782,63.917935922954165,60.53469627150801
452,41.08976046751594,2022-07-01,453,64.0215147439222,54.97181829980081,47.85358070627088,47.85403210417068,61.63511837741034,54.701215530310385
453,24.220626875678548,2022-07-02,454,64.19484122947401,54.64156763833445,47.492245744376696,47.44705908488015,57.89366922723716,45.55703893392083
454,9.120182110107129,2022-07-03,455,64.1049500617341,54.10808011399425,47.231355495883136,47.36161946101409,53.01632051552416,34.625981886776714
455,42.45512003159537,2022-07-04,456,64.78095960493516,54.53539835515091,47.512842532513915,47.06928537397925,51.96020046713128,36.97472333022231
456,29.527300912832903,2022-07-05,457,65.49818990923112,54.52771347139295,47.447614194335465,46.83965062402482,49.71691051170144,34.74049660500549
457,24.41838952335437,2022-07-06,458,65.84085697047794,53.92653666176974,47.472670320826325,46.01246363267104,47.18705841286674,31.64386448051015
458,22.1811745773662,2022-07-07,459,65.50056673263829,53.539248850301384,47.407150421207156,45.41105769071736,44.68647002931669,28.805057509566964
459,23.240274943019127,2022-07-08,460,65.23332644251727,52.93846724244737,46.817761482097495,45.40333974308037,42.541850520686936,27.13562273960261
460,16.014003071081774,2022-07-09,461,65.22098935479754,51.943503000319296,45.82967410521954,44.871620480586856,39.88906577572642,23.79913683904636
461,1.3777565628076207,2022-07-10,462,63.76430395595517,49.30587781883883,45.16247759143708,44.71644645546565,36.03793485443454,17.072722756174738
462,28.810106470184547,2022-07-11,463,61.5724650754173,46.53293984562394,45.163400102484964,44.58594195658098,35.31515201600954,20.59393787037768
463,20.41621226308425,2022-07-12,464,60.63285343958528,46.14673302527862,45.04253393026419,44.43447055539117,33.82525804071701,20.54062018818965
464,29.864750700534792,2022-07-13,465,53.73182000148127,46.030377870721516,44.90806187837682,44.45069758985727,33.429207306698785,23.337859341893193
465,20.758804730128755,2022-07-14,466,49.96402383567006,46.02155463909092,44.88163919000192,44.33288355179434,32.162167049041784,22.56414295836386
466,29.49668611532642,2022-07-15,467,44.72920471593443,45.73277670964381,45.008841866938965,44.320238543960315,31.89561895567025,24.643905905452627
467,31.600049341673945,2022-07-16,468,41.09527909396881,45.8741941575131,45.25225430456026,44.36613532635469,31.866061994270623,26.73074893631902
468,16.690308283356195,2022-07-17,469,40.48406381725216,45.735468222167796,44.95322174145705,44.268568989106804,30.34848662317918,23.71861674043017
469,34.01849668367922,2022-07-18,470,39.248823017094466,45.672392254662014,45.145745392689705,44.239684227294966,30.715487629229187,26.80858072340488
470,27.77894938699912,2022-07-19,471,35.906901987894805,45.56156801685878,44.91835149165578,44.245651415666785,30.42183380500618,27.099691322483153
471,20.742106503257283,2022-07-20,472,34.50041026036772,45.76342343750658,44.94365465675646,42.2987586397548,29.45386107483129,25.19241587671539
472,20.862595925030647,2022-07-21,473,33.74517180636045,45.717675387728356,44.88540917457547,41.01020722049819,28.59473455985123,23.893469891209964
473,26.237598428079576,2022-07-22,474,31.68705163668697,45.881298152500214,44.924908506952846,40.86744204483075,28.359020946674065,24.596708452270846
474,13.636076917926731,2022-07-23,475,29.913513548582717,45.61157151590641,44.852302377765454,40.25807299517538,26.88672654379933,21.30851899196761
475,10.167281586633672,2022-07-24,476,29.377634428556163,45.44730723359279,44.83038918028631,40.08676879523144,25.214782048082764,17.966147770367428
476,16.49575366479496,2022-07-25,477,28.00740852638324,44.75855787691251,44.64691039801277,39.87697562864555,24.342879209753985,17.525029538695687
477,10.920086990848358,2022-07-26,478,27.353683857450996,44.45154493431277,44.65101988313837,39.10756048220848,23.000599987863424,15.543546774341486
478,8.534282713795685,2022-07-27,479,25.80771980206067,44.053956252477725,44.5260595982041,38.97935488304045,21.55396826045665,13.440767556177745
479,12.451326704821906,2022-07-28,480,24.981034276588886,43.714615824672585,44.423064066497936,38.789360335813726,20.643704104893175,13.143935300770993
480,14.658041180150276,2022-07-29,481,24.050053738201655,43.07528853469435,44.01904072891293,38.63026200627748,20.045137812418886,13.598167064584777
481,11.145196921723878,2022-07-30,482,21.29764335291297,42.722465158300864,43.51390735451547,38.57549458361091,19.155143723349386,12.862276021726506
482,20.558126336472395,2022-07-31,483,20.613255548544853,42.317385146233526,43.518964049382156,38.514269245223005,19.295441984661686,15.171031116150271
483,14.667589328629685,2022-08-01,484,20.29482096364323,42.24483109655862,43.19265208010404,38.44193177104728,18.832656719058487,15.019998579894095
484,28.110012189659017,2022-08-02,485,20.927815299628286,42.5163826806812,43.04799184253893,38.487802628724246,19.76039226611854,18.94700266282357
485,16.334943595996933,2022-08-03,486,20.057142751775007,42.41905117835508,43.042646487358944,38.33480971211735,19.417847399106382,18.16338494277558
486,13.921697006391716,2022-08-04,487,19.536955954893635,42.51757293206237,42.86412763255984,38.15589678669648,18.868232359834916,16.89087856186042
487,32.26051634445332,2022-08-05,488,19.798360182263597,42.819608576370776,42.55047783526769,37.98279775842311,20.207460758296758,21.501769896638287
488,10.475647671180344,2022-08-06,489,19.4081759520574,42.45437134234784,42.16222455088673,37.81118849682878,19.234279449585117,18.193933229000905
489,25.90698717934337,2022-08-07,490,19.49706635993488,42.36519640122607,41.791333614943206,37.79880511026413,19.901550222560942,20.507849414103646
490,21.625124735161258,2022-08-08,491,19.684103748737527,42.45254655176753,41.19036991645871,37.72484730307943,20.073907673820976,20.843032010420927
491,57.6256480885298,2022-08-09,492,21.559033466261603,42.66166871110838,40.05692970131309,37.89743236169741,23.829081715291856,31.877816833853586
492,42.6819611566819,2022-08-10,493,22.021428622478183,41.79694684894774,38.36243610457536,38.06446280537518,25.71436965943086,35.11906013070208
493,71.42987923303416,2022-08-11,494,23.721884188143175,42.17736881386423,38.67178341290014,38.289681231589185,30.28592061679119,46.0123058614017
494,23.78767031146576,2022-08-12,495,23.519314841840878,38.625567421661074,38.52669019442797,38.268593050475594,29.636095586258648,39.344915196420914
495,43.39928968717674,2022-08-13,496,24.27399767374248,37.119010754706274,38.77236898397477,38.37725952322214,31.012414996350458,40.56122754364766
496,34.13435819676675,2022-08-14,497,24.42858674312382,34.57889572952912,38.631380054137146,38.3700109048263,31.32460931639209,38.63316673958339
497,97.7685652914442,2022-08-15,498,26.634203941449496,33.864741517709156,39.4608640854919,38.75349161181596,37.9690049138973,56.37378630514163
498,9.172550716316698,2022-08-16,499,26.383612022548178,33.43383791990017,39.28484948896126,38.59848098610824,35.089359494139245,42.21341562849415
499,23.745121100822203,2022-08-17,500,26.041166169786276,32.64499459344037,39.128650226370105,38.650860522895755,33.95493565480754,36.67292727019256
500,11.381056033116112,2022-08-18,501,25.494569724656845,30.700735856275823,38.8725685861248,38.52841353353172,31.697547692638402,29.08536589906962
501,45.6282612412965,2022-08-19,502,26.324108215924817,30.412259238146266,39.28365169697933,38.6459729543871,33.09061904750421,34.04823450173768
502,42.988483092024765,2022-08-20,503,27.061637788157956,30.403404797259203,39.498996187871555,38.592295156948545,34.08040545195627,36.73030907882381
503,28.36077089108781,2022-08-21,504,27.132410203591565,29.409730920139268,39.63166883619733,38.684791556843976,33.508441995869426,34.219447622503004
504,18.01173856197409,2022-08-22,505,27.278265591726477,28.595889570154597,39.50046954117977,38.56949416192919,31.958771652479893,29.357134904344328
505,12.175203778303016,2022-08-23,506,27.34519633144879,28.361415380002477,39.41327026621145,38.22842083772586,29.980414865062205,24.202555566531935
506,35.44323234035387,2022-08-24,507,27.97677895396742,27.992093740175328,39.164631569264145,38.10662357952304,30.526696612591373,27.574758598678514
507,7.651001435630984,2022-08-25,508,27.86780943546017,27.610746646455585,38.9236331013619,38.06239995165985,28.239127094895334,21.597631449764254
508,9.135204425788205,2022-08-26,509,27.887840159193257,26.847779980626964,38.66525088804957,37.88337248914876,26.328734827984622,17.858903342571438
509,72.83309426498485,2022-08-27,510,29.900565744532017,27.44080001056045,39.109932464625736,38.110125100832356,30.979170771684643,34.351160619295456
510,11.93911587561004,2022-08-28,511,29.809934901047345,26.929994319624498,38.653503990145346,37.98240104446972,29.075165282077183,27.62754719618983
511,13.161668954322923,2022-08-29,512,29.877150635467316,25.587396994190147,38.44069365068968,37.902722041556174,27.483815649301757,23.287783723629758
512,321.803745333808,2022-08-30,513,39.91867126871183,30.265963408628345,41.5178138537263,39.44381347444885,56.91580861775239,112.84257220668323
513,60.13338069200707,2022-08-31,514,41.434197647491075,30.86450930556715,41.97461994686944,39.60079811956881,57.23756582517786,97.02981475228037
514,34.3123908993125,2022-09-01,515,41.640943604479524,31.28437945205391,42.224569655280646,39.51833005669502,54.94504833259133,78.21458759639
515,12.159003546694263,2022-09-02,516,41.5017456028361,30.779444177305557,42.1132826531821,39.422898003112365,50.66644385400163,58.397912381481284
516,16.46979613546692,2022-09-03,517,41.58668224047195,30.561819097682793,42.207276034865565,39.146143707671804,47.24677908214816,45.81947750767697
517,4.071330223042443,2022-09-04,518,40.64704270309159,30.222701442677593,42.09541995194438,38.93951082689661,42.92923419623759,33.295033322286606
518,12.455542233969078,2022-09-05,519,40.713039188517875,30.06060757028764,41.87392729107118,38.947546369644485,39.88186500001074,27.043185995791347
519,24.657876580432863,2022-09-06,520,40.671402168554195,30.084234264244536,41.80059832366878,39.040385092398274,38.35946615805295,26.3275931711838
520,33.76299910231216,2022-09-07,521,41.07599798079255,30.380050864765042,41.99369702810921,39.05313051540116,37.89981945247888,28.558214950522306
521,8.371917280876016,2022-09-08,522,39.43420695387076,30.49662021006618,41.58584812536252,38.93863004593087,34.947029235318595,22.502325649628418
522,18.88517881000322,2022-09-09,523,38.64098087564814,30.331204749063158,40.74495819118121,38.87637098260866,33.34084419278706,21.417181597740857
523,35.65627741312278,2022-09-10,524,37.4485274816511,30.585205834897135,40.60108836979319,39.045599080306175,33.57238751482063,25.688910342355435
524,27.28433964899619,2022-09-11,525,37.56508312623544,30.54219898403816,38.27207265651919,39.019818898986045,32.94358272823819,26.16753913434766
525,41.797594742514434,2022-09-12,526,37.5116932947467,30.892845484244585,37.249904934719744,39.143350874881214,33.82898392966582,30.856555816797695
526,24.94158110729679,2022-09-13,527,37.205267391764366,30.816927067444094,35.454352950274206,39.132102324888294,32.940243647428915,29.082063403947423
527,28.805519268877347,2022-09-14,528,34.90649919101214,30.77035156623082,34.21199407547682,39.16029385793769,32.52677120957376,28.999100163426398
528,11.253199234841482,2022-09-15,529,34.97585414162963,30.679733082088905,33.94784332714332,39.09708907584995,30.399414012100532,23.67532988485092
529,23.320808909531927,2022-09-16,530,34.96171040191996,30.50143828585312,33.4172331962669,39.143917006888216,29.69155350184367,23.56897359225522
530,34.19313955538406,2022-09-17,531,35.72211318599555,30.608341455326197,32.37452829951573,39.28657797389839,30.141712107197712,26.75622338119387
531,41.56880345566324,2022-09-18,532,35.586797926474446,30.95545307119963,32.137105467588995,39.29780879909512,31.284421242044267,31.19999740353468
532,71.72478995388722,2022-09-19,533,36.54467482186986,31.803156305013907,32.45049480546276,39.50263066150608,35.328458113228564,43.35743516864044
533,20.5220776612598,2022-09-20,534,36.28338504754226,31.707897625566908,31.700948962606937,39.427778422509974,33.84782006803169,36.506827916426246
534,9.452949117543143,2022-09-21,535,35.99809206606123,31.638178828893853,31.063290402123474,39.16018757662999,31.408332972982834,28.390664276761314
535,33.624524918178615,2022-09-22,536,36.71306943739042,32.0291328844196,31.145300065798452,39.14970558643087,31.629952167502413,29.960822469186503
536,47.65652157664067,2022-09-23,537,37.12017907859998,32.5484790162837,31.034788852983546,39.375429949586575,33.23260910841624,35.269532201422756
537,28.32087675557549,2022-09-24,538,37.809174922598125,32.83849217902915,31.010222738503096,38.87275675753694,32.74143587313217,33.184935567668575
538,50.75002271089704,2022-09-25,539,39.196335532101756,33.5420878456475,30.963965164451892,38.89171663044636,34.54229455690866,38.45446171063711
539,56.30832036565773,2022-09-26,540,38.64550973545751,34.27303773999476,31.175703252192807,38.98709638600518,36.718897137783564,43.8106193071433
540,22.84308875529763,2022-09-27,541,39.00897549811376,34.409455199580556,30.956321379120926,38.947252123927505,35.33131629953497,37.5203601415896
541,14.260997660796203,2022-09-28,542,39.04561978832954,34.46138521189843,30.07347125890328,38.822674021084886,33.2242844356611,30.542551397351577
542,20.904479890564296,2022-09-29,543,29.015644273554756,34.467157771133294,29.849190363603814,38.85138553493735,31.992303981151416,27.65112994531539
543,4.508956176050458,2022-09-30,544,27.161496789689533,34.297847218590306,29.630171800274614,38.56120877232566,29.24396920064132,20.708477814535907
544,75.47418664734268,2022-10-01,545,28.533556647957205,35.087250126218365,30.36743851735501,38.79939700661907,33.86699094531146,37.138190464377935
545,18.61286109430445,2022-10-02,546,28.74868523287755,35.12521541785683,30.10252452916289,38.8076835308384,32.341577960210756,31.58059165335589
546,15.914577542256476,2022-10-03,547,28.7301779464372,35.15843009345458,29.951272047267594,38.69944312080153,30.698877918415327,26.880787420026063
547,23.94471351156466,2022-10-04,548,29.392624056054608,35.01983337957309,29.946008980469934,38.709339650648126,30.02346147773026,25.99996524748764
548,47.29987242298324,2022-10-05,549,30.554101729021742,35.63357045876981,30.225105623199013,38.81612802220308,31.75110257225556,32.38993740013632
549,30.84264214168202,2022-10-06,550,30.760260581063385,35.715831374808786,30.309576369850816,38.56366892597416,31.660256529198207,31.925748822600028
550,57.65078821153818,2022-10-07,551,31.556520218037583,36.31625909941508,30.77220731585589,38.300940710537716,34.2593096974322,39.64326063928147
551,87.28924078772941,2022-10-08,552,34.18709766826603,36.8106523110684,31.726779362799466,38.44462847711827,39.56230280646192,53.93705468381585
552,9.88020437309487,2022-10-09,553,33.88693185370242,36.26395636467528,31.516447117276247,38.33992360988061,36.59409296312522,40.719999590599556
553,8.014980035538315,2022-10-10,554,32.9655552744496,35.20704137805035,31.378655648081292,38.210594789172745,33.736181670366534,30.908493724081183
554,17.55835451351726,2022-10-11,555,32.64135576993364,35.10321944808454,31.241917912669987,38.0749898955234,32.11839895468161,26.903451960912
555,36.89962305806775,2022-10-12,556,32.47809004711875,34.994891670932724,31.421260338535976,38.151449764268946,32.59652136502022,29.902303290058725
556,24.464887430227343,2022-10-13,557,32.4622002578831,34.83373382482373,31.3653514642571,38.18709666559803,31.783357971540934,28.271078532109307
557,22.18892248547397,2022-10-14,558,32.24164703176965,33.574073111390895,31.26078338807709,38.25651884631868,30.823914422934237,26.446431718118703
558,26.188048155080605,2022-10-15,559,32.73947532911096,33.8576647353703,31.366313831096253,38.159767786276646,30.360327796148873,26.36891664920727
559,35.393129641180366,2022-10-16,560,33.141886020165906,34.051798211042936,31.38158753062405,38.26366646165687,30.863607980652024,29.0761805467992
560,13.75928797801206,2022-10-17,561,32.46075763425351,34.09143541012453,31.225813514968635,38.0720825033122,29.153175980388028,24.481112776163055
561,10.790010263023316,2022-10-18,562,31.43479786116551,33.510797893819976,31.115234667854924,38.02944466230569,27.31685940865156,20.373782022221132
562,27.316201504897325,2022-10-19,563,29.95451157953251,33.249593200701185,31.18694139652011,38.03617528554779,27.316793618276137,22.456507867023987
563,24.543590204401287,2022-10-20,564,30.088561997637225,33.18597352258975,31.168119082923685,38.046513794938264,27.039473276888653,23.082632568237173
564,20.573460504697994,2022-10-21,565,30.45924571054239,33.22866888830181,31.2452011227767,38.04875175027108,26.392871999669588,22.32988094917542
565,62.4205135617031,2022-10-22,566,31.419111998659876,34.066090718025144,31.825792589166355,38.32809088472633,29.99563615587294,34.35707073293372
566,28.877070661402616,2022-10-23,567,30.793130301485274,33.95665469004262,31.963362778017554,38.305136588015166,29.883779606425907,32.71307071147439
567,18.18366333652131,2022-10-24,568,30.4552231875168,34.13219905505746,32.04406918185837,38.34754453249836,28.713767979435445,28.35424849898846
568,41.30516708157868,2022-10-25,569,30.14039466653952,34.66836509932064,32.408190119278174,38.467124858741144,29.97290788964977,32.23952407376552
569,31.86033627423739,2022-10-26,570,29.325461863492176,33.985485799474844,32.62384578116057,38.523454923829256,30.161650728108533,32.12576773390708
570,36.53683084653714,2022-10-27,571,29.78191993320016,34.395447715656964,32.86694344412042,38.442992086516675,30.799168739951394,33.4490866676961
571,59.88682579293622,2022-10-28,572,31.302780870938157,35.174200329633855,33.40851709824501,38.46121222638024,33.707934445249876,41.380408405268135
572,37.4838048340847,2022-10-29,573,31.855425035722174,30.435534654638463,33.59658019266292,38.55777212102254,34.08552148413336,40.2114273339131
573,30.633044009184168,2022-10-30,574,32.726227963493294,29.94386237659142,33.77397413355797,38.48331310683101,33.74027373663844,37.33791233649442
574,22.67830768521091,2022-10-31,575,30.96636533142224,29.749960989689722,33.71362186128633,38.380806851912624,32.634077131495694,32.94003094110936
575,36.035023345747874,2022-11-01,576,31.547104073137017,30.14789465300728,33.93251163628356,38.48757906182126,32.97417175292091,33.868528662500914
576,38.35533418319443,2022-11-02,577,32.29512929450162,30.512653620469404,34.20399649380359,38.534062063181715,33.51228799594826,35.214570318708965
577,41.27122084904416,2022-11-03,578,32.87267953908427,31.132651797569437,34.30411543274349,38.427296634005586,34.288181281257856,37.03156547780952
578,35.76124924845927,2022-11-04,579,32.48805876660013,31.52108024781094,34.58506656137992,38.37364555613332,34.435488077978,36.650470609004444
579,22.91181857036343,2022-11-05,580,32.22369798088951,31.491979280976448,34.551786910169035,38.17156026255612,33.283121127216546,32.52887499741214
580,55.71756430562036,2022-11-06,581,32.159257184025584,31.857888701031587,34.93059179428524,38.06048085537197,35.52656544505693,39.4854817898746
581,42.152658102417305,2022-11-07,582,30.654704427848518,32.420901048057274,34.75866968332844,37.407799692320765,36.18917471079297,40.285634683637404
582,46.18130748998864,2022-11-08,583,31.864741198411643,32.87583652605703,34.79755130925407,36.57999370691471,37.18838798871254,42.05433652554277
583,62.41055978187463,2022-11-09,584,33.677927189956186,33.321741232202896,34.69733664868563,36.68456003079288,39.71060516802875,48.16120350244233
584,24.682995075658063,2022-11-10,585,33.91541520869421,33.278385489313926,34.7072847016211,36.61698744802454,38.20784415879169,41.117740974407056
585,19.797020758468,2022-11-11,586,33.34532846537422,32.91170925624649,34.44503726907989,36.60870312652733,36.36676181875932,34.72152490962534
586,35.264575253061906,2022-11-12,587,33.70531805946871,33.0837591586759,34.45759523637206,36.544487645254605,36.25654316218958,34.884440012656306
587,30.19247051851769,2022-11-13,588,33.9721029939035,33.106875012836575,33.7067497388951,36.5838069121935,35.650135897822395,33.47684916441472
588,38.74501512087229,2022-11-14,589,34.39066855942988,33.56507194427042,34.03533267672349,36.66009108284237,35.95962382012738,35.05729895135199
589,33.6906248960743,2022-11-15,590,34.33391840125969,33.7379022107128,34.145838274448515,36.6372442504093,35.73272392772208,34.64729673476868
590,23.83553685712778,2022-11-16,591,34.66979336389688,33.56527549907519,34.28422139471531,36.57839499042006,34.54300522066265,31.403768771476408
