,val,date
0,1.0,2020-06-14
1,16.06368135679037,2020-06-15
2,46.431202499435344,2020-06-16
3,1.758514428892208,2020-06-17
4,1.281994320295403,2020-06-18
5,5.900139755701372,2020-06-19
6,1317.486117081237,2020-06-20
7,1797.4550465096331,2020-06-21
8,83.28708720110222,2020-06-22
9,35.368901001848535,2020-06-23
10,90.93838898392404,2020-06-24
11,54.39862847990828,2020-06-25
12,11.583995268425332,2020-06-26
13,11.574106167823633,2020-06-27
14,355.9233057123624,2020-06-28
15,44.46914077403575,2020-06-29
16,77.44991070632172,2020-06-30
17,45.19048419282436,2020-07-01
18,414.72221627860216,2020-07-02
19,154.66026930543933,2020-07-03
20,411.9462238011367,2020-07-04
21,728.3074528431786,2020-07-05
22,8.612193673576284,2020-07-06
23,133.52233890072608,2020-07-07
24,23.77266385239037,2020-07-08
25,434.17477754008496,2020-07-09
26,608.8784983874084,2020-07-10
27,370.0233887553832,2020-07-11
28,461.3020851134685,2020-07-12
29,439.4070541434101,2020-07-13
30,341.2088973958772,2020-07-14
31,185.18735224447136,2020-07-15
32,486.22418448325215,2020-07-16
33,47.103551596248494,2020-07-17
34,484.30359408152,2020-07-18
35,344.1026391950314,2020-07-19
36,500.3202442792563,2020-07-20
37,326.7563974427185,2020-07-21
38,337.8693302041036,2020-07-22
39,41.517035928779634,2020-07-23
40,448.726439525118,2020-07-24
41,348.4865555004254,2020-07-25
42,408.5955466446547,2020-07-26
43,817.6868242651884,2020-07-27
44,27.99251857711106,2020-07-28
45,18.931961512713382,2020-07-29
46,274.0224356271802,2020-07-30
47,472.759865979571,2020-07-31
48,445.514534070707,2020-08-01
49,558.2842691018662,2020-08-02
50,333.9887033367849,2020-08-03
51,345.92809741198977,2020-08-04
52,55.41703303542525,2020-08-05
53,40.72079073951247,2020-08-06
54,493.6191312298976,2020-08-07
55,521.9041131954106,2020-08-08
56,455.2856854232692,2020-08-09
57,729.0414240933111,2020-08-10
58,1320.8861283571637,2020-08-11
59,782.3991171073384,2020-08-12
60,639.7491127811446,2020-08-13
61,227.22109184336813,2020-08-14
62,24.67045319870509,2020-08-15
63,449.9031247166988,2020-08-16
64,582.699013081136,2020-08-17
65,396.8939895639388,2020-08-18
66,161.91648144486166,2020-08-19
67,569.4957795591158,2020-08-20
68,65.83352034140066,2020-08-21
69,328.2112234788339,2020-08-22
70,263.097788348396,2020-08-23
71,545.6908663507164,2020-08-24
72,334.9892408442286,2020-08-25
73,40.49390687944926,2020-08-26
74,227.79108244198127,2020-08-27
75,211.37869887467104,2020-08-28
76,92.94067258745557,2020-08-29
77,765.2982076312794,2020-08-30
78,974.3986912294008,2020-08-31
79,1281.9486666074386,2020-09-01
80,811.1614992127394,2020-09-02
81,820.5114969836816,2020-09-03
82,221.32636162866083,2020-09-04
83,674.5459149021685,2020-09-05
84,491.9581578065698,2020-09-06
85,614.3172372538467,2020-09-07
86,394.72130954066125,2020-09-08
87,199.6765054474156,2020-09-09
88,318.567702461553,2020-09-10
89,198.8209415088682,2020-09-11
90,231.9673105099473,2020-09-12
91,382.6140970327304,2020-09-13
92,440.2921230618801,2020-09-14
93,101.98586598853116,2020-09-15
94,109.79951085403314,2020-09-16
95,423.6460955719229,2020-09-17
96,449.7683856914321,2020-09-18
97,336.8288289388463,2020-09-19
98,198.95818155516145,2020-09-20
99,196.89099248709928,2020-09-21
100,290.9430220679094,2020-09-22
101,235.841519761429,2020-09-23
102,284.09510374617327,2020-09-24
103,199.6224332996076,2020-09-25
104,86.8838311317363,2020-09-26
105,195.3313865657714,2020-09-27
106,439.9372753375681,2020-09-28
107,299.8146965836492,2020-09-29
108,94.78819801253064,2020-09-30
109,89.93575545138776,2020-10-01
110,108.79172943351404,2020-10-02
111,113.5164535566852,2020-10-03
112,111.14365246675808,2020-10-04
113,100.51337894657068,2020-10-05
114,97.11043443233322,2020-10-06
115,455.90422704704287,2020-10-07
116,446.5636609083986,2020-10-08
117,442.56775971167895,2020-10-09
118,277.08167679117497,2020-10-10
119,403.2352928043762,2020-10-11
120,167.61365985609447,2020-10-12
121,221.4555915722579,2020-10-13
122,362.41062972646944,2020-10-14
123,200.8807006630232,2020-10-15
124,193.74147434871185,2020-10-16
125,108.17819954719867,2020-10-17
126,87.97850000967068,2020-10-18
127,24.524173994365903,2020-10-19
128,280.9213900507186,2020-10-20
129,67.36785757417775,2020-10-21
130,180.36944360992595,2020-10-22
131,94.80703021547248,2020-10-23
132,211.3943761039791,2020-10-24
133,266.4506414859051,2020-10-25
134,84.94342912599903,2020-10-26
135,283.5922596161223,2020-10-27
136,674.2994146568194,2020-10-28
137,545.2419709798241,2020-10-29
138,90.26454486735472,2020-10-30
139,220.48828528177512,2020-10-31
140,130.6608498254162,2020-11-01
141,35.923833956031096,2020-11-02
142,94.49794526234922,2020-11-03
143,51.36989145497306,2020-11-04
144,77.03969225083848,2020-11-05
145,185.94307801721564,2020-11-06
146,640.4477500661029,2020-11-07
147,298.79500266609034,2020-11-08
148,117.20914649530368,2020-11-09
149,110.15190155190372,2020-11-10
150,64.68498941029496,2020-11-11
151,31.575236896272923,2020-11-12
152,157.2062037188233,2020-11-13
153,845.4709957761362,2020-11-14
154,202.9115828745154,2020-11-15
155,165.69963446469086,2020-11-16
156,280.6866559485041,2020-11-17
157,237.2838892454865,2020-11-18
158,27.280214003049785,2020-11-19
159,475.0498586765652,2020-11-20
160,276.07290368329734,2020-11-21
161,290.36421156492867,2020-11-22
162,136.1357586326792,2020-11-23
163,375.8801328885174,2020-11-24
164,376.4116142720623,2020-11-25
165,187.8983148919819,2020-11-26
166,254.077447986624,2020-11-27
167,285.0889352092061,2020-11-28
168,201.5714254887613,2020-11-29
169,135.94286587967514,2020-11-30
170,327.16751665970924,2020-12-01
171,353.4649946887761,2020-12-02
172,178.64210342609096,2020-12-03
173,206.04803603614783,2020-12-04
174,462.14170037676746,2020-12-05
175,51.22773316615445,2020-12-06
176,416.7522077427941,2020-12-07
177,558.4917213041813,2020-12-08
178,135.8643554465542,2020-12-09
179,106.66767748879576,2020-12-10
180,161.42627557052776,2020-12-11
181,373.6670961724253,2020-12-12
182,102.61806238331776,2020-12-13
183,83.0463730770252,2020-12-14
184,72.30866179288044,2020-12-15
185,271.07694700728536,2020-12-16
186,571.5303107936734,2020-12-17
187,182.19106544677672,2020-12-18
188,253.88240710119803,2020-12-19
189,229.54696754322703,2020-12-20
190,209.0985825672342,2020-12-21
191,208.56489426182463,2020-12-22
192,188.00388771503225,2020-12-23
193,204.9063399506408,2020-12-24
194,208.47999909838708,2020-12-25
195,168.0578658593266,2020-12-26
196,301.0998430224242,2020-12-27
197,115.28250137127236,2020-12-28
198,318.6762882357307,2020-12-29
199,296.38961998945416,2020-12-30
200,130.85342405584075,2020-12-31
201,226.3127749220737,2021-01-01
202,138.41323898679616,2021-01-02
203,279.57474066005966,2021-01-03
204,152.32022845082938,2021-01-04
205,240.1022564517037,2021-01-05
206,509.0983262627183,2021-01-06
207,218.84093486485529,2021-01-07
208,317.50320392210216,2021-01-08
209,398.8791398326447,2021-01-09
210,255.1875942369168,2021-01-10
211,569.2103443782321,2021-01-11
212,212.73250673035952,2021-01-12
213,153.42150730501467,2021-01-13
214,219.1896321806805,2021-01-14
215,47.39410923199661,2021-01-15
216,328.0563904762477,2021-01-16
217,251.0538979224327,2021-01-17
218,321.5127086537128,2021-01-18
219,144.28998632749958,2021-01-19
220,24.92457035853557,2021-01-20
221,279.4384289776221,2021-01-21
222,204.0976796634972,2021-01-22
223,266.87577451364695,2021-01-23
224,318.11482466687653,2021-01-24
225,456.6747955673235,2021-01-25
226,155.66874904833884,2021-01-26
227,424.1495409006863,2021-01-27
228,162.05078654802122,2021-01-28
229,301.18927778526813,2021-01-29
230,345.3649050170222,2021-01-30
231,312.3729374493453,2021-01-31
232,306.1043241454395,2021-02-01
233,169.78147736532767,2021-02-02
234,156.92145109982698,2021-02-03
235,762.9965286595658,2021-02-04
236,399.1004700851976,2021-02-05
237,244.1370726655325,2021-02-06
238,391.570290051483,2021-02-07
239,315.4621004968206,2021-02-08
240,193.06365189385303,2021-02-09
241,154.9280009697709,2021-02-10
242,313.99588114446465,2021-02-11
243,380.6709077306607,2021-02-12
244,144.298421269962,2021-02-13
245,128.11529029321838,2021-02-14
246,34.073566523513115,2021-02-15
247,51.98873378409481,2021-02-16
248,256.4385397147415,2021-02-17
249,128.64862237458476,2021-02-18
250,219.2089177540104,2021-02-19
251,291.5715718835402,2021-02-20
252,223.1010111578584,2021-02-21
253,272.5555495288201,2021-02-22
254,116.096113078964,2021-02-23
255,300.2410365539933,2021-02-24
256,160.4855853807529,2021-02-25
257,178.0293219772632,2021-02-26
258,264.5389079811586,2021-02-27
259,320.1625115808244,2021-02-28
260,450.9686794838121,2021-03-01
261,386.50082352091306,2021-03-02
262,76.91840048278931,2021-03-03
263,175.74480047987453,2021-03-04
264,181.91817522092293,2021-03-05
265,200.5924905190052,2021-03-06
266,203.17821097210955,2021-03-07
267,304.54276712485074,2021-03-08
268,142.98609838215555,2021-03-09
269,280.6243116727709,2021-03-10
270,344.968665218445,2021-03-11
271,99.2100034640887,2021-03-12
272,75.73095201426925,2021-03-13
273,94.14291692401548,2021-03-14
274,104.21642726835591,2021-03-15
275,51.197513002283415,2021-03-16
276,74.48136200346552,2021-03-17
277,26.75067484308912,2021-03-18
278,86.89812243425042,2021-03-19
279,129.08703825590516,2021-03-20
280,140.04308899282273,2021-03-21
281,47.450778206815286,2021-03-22
282,192.3892418725775,2021-03-23
283,101.2143426202146,2021-03-24
284,156.11976855427662,2021-03-25
285,182.3146367558632,2021-03-26
286,124.45148704454988,2021-03-27
287,122.8987664446067,2021-03-28
288,43.30924766120035,2021-03-29
289,106.17652342409356,2021-03-30
290,7.645303560730343,2021-03-31
291,156.16072414595607,2021-04-01
292,176.70229443230335,2021-04-02
293,55.28842063009113,2021-04-03
294,248.75116436918373,2021-04-04
295,275.1502214955827,2021-04-05
296,194.8099439277472,2021-04-06
297,141.18299597573218,2021-04-07
298,189.1626125626273,2021-04-08
299,186.5909805446115,2021-04-09
300,187.79366243059465,2021-04-10
301,236.7642622473441,2021-04-11
302,313.62569277704466,2021-04-12
303,319.1928426188542,2021-04-13
304,121.85917411608524,2021-04-14
305,554.4742126244963,2021-04-15
306,453.1061030123017,2021-04-16
307,114.6673338786366,2021-04-17
308,302.855767327423,2021-04-18
309,354.0047349519503,2021-04-19
310,316.694328562608,2021-04-20
311,287.2797551296667,2021-04-21
312,459.52325564644326,2021-04-22
313,537.7242019260905,2021-04-23
314,615.5690554498257,2021-04-24
315,368.98902306114337,2021-04-25
316,515.5413367092397,2021-04-26
317,169.73489409199485,2021-04-27
318,66.35015403011252,2021-04-28
319,146.20475660301577,2021-04-29
320,72.2061858906558,2021-04-30
321,332.50158872448554,2021-05-01
322,458.816752878991,2021-05-02
323,628.0129417141095,2021-05-03
324,385.9850766437592,2021-05-04
325,422.9289610818017,2021-05-05
326,320.0734287596405,2021-05-06
327,403.0424180825057,2021-05-07
328,272.1638003074557,2021-05-08
329,280.819002693508,2021-05-09
330,329.6464432461691,2021-05-10
331,30.85685158977945,2021-05-11
332,211.5435154869956,2021-05-12
333,175.1350078970868,2021-05-13
334,244.2872346281516,2021-05-14
335,321.1226182903347,2021-05-15
336,226.10626978038533,2021-05-16
337,192.07592554995904,2021-05-17
338,172.48260414273548,2021-05-18
339,338.5289854981551,2021-05-19
340,155.48465211897835,2021-05-20
341,75.28861058779378,2021-05-21
342,127.79822528795452,2021-05-22
343,351.96195680356084,2021-05-23
344,447.2841792855663,2021-05-24
345,18.209420551588853,2021-05-25
346,32.447081316357725,2021-05-26
347,40.97852732103009,2021-05-27
348,139.87635137518004,2021-05-28
349,302.7588500093593,2021-05-29
350,193.13078391248848,2021-05-30
351,229.9464046618977,2021-05-31
352,165.24008119917255,2021-06-01
353,109.03095179624374,2021-06-02
354,146.77660461606146,2021-06-03
355,34.269402512270446,2021-06-04
356,234.91482082906217,2021-06-05
357,139.03437640983736,2021-06-06
358,281.30630688679537,2021-06-07
359,166.81800397920892,2021-06-08
360,268.6939750534826,2021-06-09
361,79.81095726417354,2021-06-10
362,162.8796116369548,2021-06-11
363,279.6790379106875,2021-06-12
364,361.6253955099173,2021-06-13
365,53.776503737312254,2021-06-14
366,278.5498327372344,2021-06-15
367,275.68274288791105,2021-06-16
368,103.0665326636896,2021-06-17
369,93.79572071763003,2021-06-18
370,36.99914823058688,2021-06-19
371,411.38886300857394,2021-06-20
372,162.91264446351528,2021-06-21
373,659.9498417271237,2021-06-22
374,397.3394474632014,2021-06-23
375,86.22295423770649,2021-06-24
376,221.05074071233705,2021-06-25
377,192.68328626801943,2021-06-26
378,502.20649826145313,2021-06-27
379,669.5905771409001,2021-06-28
380,270.7048103090558,2021-06-29
381,138.5334974339393,2021-06-30
382,641.0388565855765,2021-07-01
383,363.0387147909042,2021-07-02
384,196.252938461416,2021-07-03
385,694.6050166562596,2021-07-04
386,1290.9211285822676,2021-07-05
387,448.3023056041022,2021-07-06
388,482.0399192421488,2021-07-07
389,246.6281609328628,2021-07-08
390,351.054160815764,2021-07-09
391,458.88413072521865,2021-07-10
392,183.000545222668,2021-07-11
393,115.68798351961784,2021-07-12
394,93.95893242043472,2021-07-13
395,375.9001989397392,2021-07-14
396,196.216032954909,2021-07-15
397,140.9038583307228,2021-07-16
398,282.51007065991234,2021-07-17
399,289.94301600086834,2021-07-18
400,255.87860601804428,2021-07-19
401,468.51624565294975,2021-07-20
402,211.4069374377265,2021-07-21
403,463.3832810190438,2021-07-22
404,50.10546515084996,2021-07-23
405,228.2091859616568,2021-07-24
406,416.7357410453437,2021-07-25
407,525.4027303826534,2021-07-26
408,73.73411813626154,2021-07-27
409,194.20632484266207,2021-07-28
410,265.3707417391684,2021-07-29
411,146.2130112114018,2021-07-30
412,218.1120376334184,2021-07-31
413,4.0536444196324855,2021-08-01
414,255.10326962195245,2021-08-02
415,101.89238113302648,2021-08-03
416,108.93582015534253,2021-08-04
417,422.9222420045856,2021-08-05
418,293.5324504467162,2021-08-06
419,254.27808368312924,2021-08-07
420,73.60933530799582,2021-08-08
421,84.64808993573912,2021-08-09
422,48.078322322173726,2021-08-10
423,62.4541147074259,2021-08-11
424,213.9288165020553,2021-08-12
425,220.89412708100585,2021-08-13
426,112.63261619196436,2021-08-14
427,363.5837632047937,2021-08-15
428,241.99262360738248,2021-08-16
429,229.50454361568885,2021-08-17
430,354.8638516345499,2021-08-18
431,225.55356909741528,2021-08-19
432,228.590859780894,2021-08-20
433,105.95390966985728,2021-08-21
434,20.0628131347189,2021-08-22
435,149.70783185255877,2021-08-23
436,89.3139061439057,2021-08-24
437,270.60363912079663,2021-08-25
438,228.70599572238245,2021-08-26
439,197.3385451294752,2021-08-27
440,46.67632955736454,2021-08-28
441,153.22957114588428,2021-08-29
442,316.336573724298,2021-08-30
443,645.9045934659979,2021-08-31
444,350.836512305407,2021-09-01
445,139.68415940806153,2021-09-02
446,222.09779796018407,2021-09-03
447,35.827752192223706,2021-09-04
448,475.5678874434692,2021-09-05
449,228.2036994713405,2021-09-06
450,327.5704742674871,2021-09-07
451,219.37683418325577,2021-09-08
452,77.77125765190031,2021-09-09
453,180.00485275091438,2021-09-10
454,211.8159662552925,2021-09-11
455,16.730925870264375,2021-09-12
456,270.944493160219,2021-09-13
457,535.4492561502875,2021-09-14
458,232.6216638529345,2021-09-15
459,218.12508825334533,2021-09-16
460,78.36290198937041,2021-09-17
461,20.72531346319509,2021-09-18
462,184.6219655177492,2021-09-19
463,234.1174722945666,2021-09-20
464,101.0733400373086,2021-09-21
465,223.93781496124143,2021-09-22
466,154.20744465036864,2021-09-23
467,199.8125202904756,2021-09-24
468,191.9413513388138,2021-09-25
469,291.3938089220277,2021-09-26
470,285.41543181724643,2021-09-27
471,107.07237977101892,2021-09-28
472,171.55015277865093,2021-09-29
473,251.5966963535637,2021-09-30
474,87.00061961155644,2021-10-01
475,52.42449619659212,2021-10-02
476,59.19435961732005,2021-10-03
477,374.18284047169857,2021-10-04
478,297.98500147976586,2021-10-05
479,260.4192159899651,2021-10-06
480,87.89923491514965,2021-10-07
481,127.9633545864898,2021-10-08
482,192.9890259982106,2021-10-09
483,190.0874251050085,2021-10-10
484,24.01688699135964,2021-10-11
485,189.83455057610948,2021-10-12
486,38.703303874939365,2021-10-13
487,44.86727303004261,2021-10-14
488,88.72486920103408,2021-10-15
489,193.13460085171005,2021-10-16
490,65.82556693820106,2021-10-17
491,79.12783435576864,2021-10-18
492,140.4222460620041,2021-10-19
493,203.37247546908924,2021-10-20
494,47.69333216941906,2021-10-21
495,54.373077238029374,2021-10-22
496,227.41185747705472,2021-10-23
497,79.99441974574046,2021-10-24
498,66.84133882210598,2021-10-25
499,522.591076084359,2021-10-26
500,264.5031271537834,2021-10-27
501,15.531560926622872,2021-10-28
502,141.81395375156262,2021-10-29
503,99.64787251868064,2021-10-30
504,408.41793391847295,2021-10-31
505,354.86494918253834,2021-11-01
506,47.93328556455172,2021-11-02
507,162.8382221130832,2021-11-03
508,77.56026346011764,2021-11-04
509,164.4616343509504,2021-11-05
510,32.51102988437856,2021-11-06
511,64.722206763069,2021-11-07
512,38.75228870561405,2021-11-08
513,33.3379168401349,2021-11-09
514,192.7703901874784,2021-11-10
515,128.46800132992425,2021-11-11
516,190.5502151786729,2021-11-12
517,91.96128699564824,2021-11-13
518,197.0903420946364,2021-11-14
519,87.548858243521,2021-11-15
520,169.41755462109097,2021-11-16
521,34.66429224774847,2021-11-17
522,38.42728974149716,2021-11-18
523,16.211074150678076,2021-11-19
524,56.36787549588013,2021-11-20
525,84.64412093958403,2021-11-21
526,81.0993670762644,2021-11-22
527,234.4361478570625,2021-11-23
528,191.5324671935792,2021-11-24
529,189.9251486120704,2021-11-25
530,182.4594201483937,2021-11-26
531,122.28649730243956,2021-11-27
532,293.7240186516461,2021-11-28
533,178.87158690972976,2021-11-29
534,26.83495557697588,2021-11-30
535,13.229069288921842,2021-12-01
536,179.86117596717548,2021-12-02
537,148.77489471036338,2021-12-03
538,218.0575316804752,2021-12-04
539,206.69229454214027,2021-12-05
540,134.69917560542348,2021-12-06
541,130.06382574623876,2021-12-07
542,201.85306820505016,2021-12-08
543,148.30998222345045,2021-12-09
544,111.01083097403767,2021-12-10
545,67.5604253425329,2021-12-11
546,90.86222391710508,2021-12-12
547,33.62255970031404,2021-12-13
548,219.04329090837743,2021-12-14
549,35.67963041260441,2021-12-15
550,20.73146236138876,2021-12-16
551,199.94732535804795,2021-12-17
552,70.75162883800431,2021-12-18
553,149.04765289483052,2021-12-19
554,41.026152300722586,2021-12-20
555,118.79086701216636,2021-12-21
556,147.62905495884442,2021-12-22
557,127.30493511951737,2021-12-23
558,33.18774246928108,2021-12-24
559,108.31704165773188,2021-12-25
560,15.851286238978934,2021-12-26
561,217.93242516328675,2021-12-27
562,130.64918510344438,2021-12-28
563,99.0113303726046,2021-12-29
564,5.749609106065132,2021-12-30
565,82.54118345462079,2021-12-31
566,13.331263118650345,2022-01-01
567,114.52242770089364,2022-01-02
568,203.53839728149944,2022-01-03
569,191.5382257911837,2022-01-04
570,178.1988180894849,2022-01-05
571,223.4408595312412,2022-01-06
572,71.84195262030732,2022-01-07
573,187.1659247383246,2022-01-08
574,148.8414575708533,2022-01-09
575,126.552767211591,2022-01-10
576,40.99677367277873,2022-01-11
577,28.369557490163377,2022-01-12
578,40.50825242406432,2022-01-13
579,72.43766268991799,2022-01-14
580,139.54924638056912,2022-01-15
581,126.0860392726552,2022-01-16
582,124.2209308295582,2022-01-17
583,40.0887930568099,2022-01-18
584,40.39518476308889,2022-01-19
585,119.13125463799364,2022-01-20
586,11.43380477606555,2022-01-21
587,30.657443921743145,2022-01-22
588,72.57963021102468,2022-01-23
589,142.39608956082884,2022-01-24
590,65.60853852398468,2022-01-25
591,115.77422048519075,2022-01-26
592,68.66861681180107,2022-01-27
593,37.98924669716075,2022-01-28
594,26.766157376580967,2022-01-29
595,77.4404690441135,2022-01-30
596,86.80998366388005,2022-01-31
597,114.3053181519605,2022-02-01
598,98.39830687966538,2022-02-02
599,8.232057677496321,2022-02-03
600,10.086737009723103,2022-02-04
601,114.60694968497717,2022-02-05
602,26.71812479961588,2022-02-06
603,115.03414647925412,2022-02-07
604,156.59178682928868,2022-02-08
605,29.91108451067501,2022-02-09
606,92.81669837243834,2022-02-10
607,47.32207589300862,2022-02-11
608,42.82145722020002,2022-02-12
609,21.210212527430706,2022-02-13
610,113.17384984869838,2022-02-14
611,85.45197004839982,2022-02-15
612,77.97297831173346,2022-02-16
613,44.77524566470082,2022-02-17
614,7.8767954240948015,2022-02-18
615,3.93521371747042,2022-02-19
616,27.76596146004572,2022-02-20
617,158.0258255381063,2022-02-21
618,101.2536685880706,2022-02-22
619,8.012025565042633,2022-02-23
620,140.0197756025736,2022-02-24
621,134.8004510978876,2022-02-25
622,5.414262936614908,2022-02-26
623,88.0188243995306,2022-02-27
624,79.1767319681993,2022-02-28
625,23.9292155014538,2022-03-01
626,177.32781779315565,2022-03-02
627,132.50436215879503,2022-03-03
628,131.63897956572765,2022-03-04
629,99.66697016845949,2022-03-05
630,10.023116280073063,2022-03-06
631,126.75753516063344,2022-03-07
632,113.07221564325096,2022-03-08
633,28.001124169495693,2022-03-09
634,11.91063014092896,2022-03-10
635,5.384347502595254,2022-03-11
636,5.22188535718649,2022-03-12
637,90.12573472841578,2022-03-13
638,105.14299881992456,2022-03-14
639,100.31659942681708,2022-03-15
640,128.5014762991971,2022-03-16
641,134.8723388086063,2022-03-17
642,7.464592509670879,2022-03-18
643,9.567972626267697,2022-03-19
644,134.81022054031934,2022-03-20
645,147.31021366353608,2022-03-21
646,61.416088479774565,2022-03-22
647,11.54952344795978,2022-03-23
648,97.7158498323046,2022-03-24
649,99.2020257285221,2022-03-25
650,86.44200567513955,2022-03-26
651,73.67326660014992,2022-03-27
652,28.066064959467383,2022-03-28
653,584.933086628013,2022-03-29
654,505.23014831937337,2022-03-30
655,155.5115519678771,2022-03-31
656,14.030827152661832,2022-04-01
657,167.26040612114417,2022-04-02
658,309.10696827616124,2022-04-03
659,212.70061109337195,2022-04-04
660,160.42194743508017,2022-04-05
661,214.69106380475023,2022-04-06
662,95.517507532293,2022-04-07
663,200.8075745061834,2022-04-08
664,75.1648488484783,2022-04-09
665,83.59626485234769,2022-04-10
666,75.80293299984092,2022-04-11
667,147.34641986129992,2022-04-12
668,246.1456313512477,2022-04-13
669,292.1064704072256,2022-04-14
670,95.880208849146,2022-04-15
671,258.9400643150257,2022-04-16
672,87.89302284950915,2022-04-17
673,106.4740919380916,2022-04-18
674,74.96890183602737,2022-04-19
675,195.95701809537684,2022-04-20
676,118.14670499721396,2022-04-21
677,127.26410338066135,2022-04-22
678,74.60906558977842,2022-04-23
679,95.85033246887556,2022-04-24
680,179.0651377633169,2022-04-25
681,33.70185005944065,2022-04-26
682,50.30986030469644,2022-04-27
683,37.57543511104275,2022-04-28
684,111.93281235458296,2022-04-29
685,204.52395673322204,2022-04-30
686,145.12783545200318,2022-05-01
687,14.13592790354922,2022-05-02
688,48.17756211791432,2022-05-03
689,128.03141240018934,2022-05-04
690,104.57000144707304,2022-05-05
691,69.49955740629609,2022-05-06
692,41.94810913064565,2022-05-07
693,96.92646770238852,2022-05-08
694,36.87546499338058,2022-05-09
695,322.48965361248,2022-05-10
696,210.26379787653525,2022-05-11
697,19.30409747080602,2022-05-12
698,87.48018300910567,2022-05-13
699,67.5323844944379,2022-05-14
700,144.52254552908477,2022-05-15
701,89.61482159755629,2022-05-16
702,32.668716598096616,2022-05-17
703,72.06091058846562,2022-05-18
704,86.09282801360554,2022-05-19
705,14.552524126674475,2022-05-20
706,94.83755125260352,2022-05-21
707,63.60670076421429,2022-05-22
708,74.14031254116637,2022-05-23
709,71.23584151382478,2022-05-24
710,16.238198862613007,2022-05-25
711,79.58684771871818,2022-05-26
712,90.28501037080407,2022-05-27
713,10.636838271541835,2022-05-28
714,49.00714092847359,2022-05-29
715,59.22887489168067,2022-05-30
716,62.02263687341633,2022-05-31
717,107.5829778848167,2022-06-01
718,64.94809752982842,2022-06-02
719,40.195975859006175,2022-06-03
720,78.43461467027365,2022-06-04
721,41.020251430594094,2022-06-05
722,35.88811832497268,2022-06-06
723,16.992039113249007,2022-06-07
724,10.569189479305212,2022-06-08
725,26.77398098178969,2022-06-09
726,20.28563901617656,2022-06-10
727,18.49064077158428,2022-06-11
728,166.8317289680155,2022-06-12
729,47.5972168911002,2022-06-13
730,170.03886089576605,2022-06-14
731,79.00241947362444,2022-06-15
732,84.2794094115434,2022-06-16
733,93.45500564066874,2022-06-17
734,113.1908445084641,2022-06-18
735,99.98554958353148,2022-06-19
736,63.257647444045176,2022-06-20
737,275.3124782453511,2022-06-21
738,100.3727860362294,2022-06-22
739,148.14018047194998,2022-06-23
740,150.3369867266967,2022-06-24
741,146.7935434164992,2022-06-25
742,177.26233849112648,2022-06-26
743,66.43399603748043,2022-06-27
744,149.19708900859115,2022-06-28
745,174.20596020520102,2022-06-29
746,217.5714656541901,2022-06-30
747,129.7383309593345,2022-07-01
748,75.50735601122382,2022-07-02
749,173.24393437220962,2022-07-03
750,117.81877639622816,2022-07-04
751,78.89666442017156,2022-07-05
752,89.48922797212246,2022-07-06
753,150.85508154501662,2022-07-07
754,36.0573479671856,2022-07-08
755,102.7004159607121,2022-07-09
756,195.61360969563017,2022-07-10
757,120.63875109784956,2022-07-11
758,67.50398550358817,2022-07-12
759,105.52041945693654,2022-07-13
760,73.74449028920104,2022-07-14
761,207.49009956406448,2022-07-15
762,162.40797023271614,2022-07-16
763,60.479704550806055,2022-07-17
764,105.37374243647194,2022-07-18
765,18.62048732517022,2022-07-19
766,59.01939813015939,2022-07-20
767,53.29345936949899,2022-07-21
768,5.703646628989356,2022-07-22
769,69.90784418030863,2022-07-23
770,66.61489581384284,2022-07-24
771,106.62454031498564,2022-07-25
772,31.259063243938783,2022-07-26
773,68.94044261123936,2022-07-27
774,29.92922640940449,2022-07-28
775,39.20625465099188,2022-07-29
776,95.26085361282938,2022-07-30
777,28.45901535295864,2022-07-31
778,13.62114055961318,2022-08-01
779,31.122123613234727,2022-08-02
780,50.68720143330684,2022-08-03
781,24.431886932489512,2022-08-04
782,37.39196869630439,2022-08-05
783,59.17046138461878,2022-08-06
784,124.40703363170798,2022-08-07
785,9.51853383971246,2022-08-08
786,32.481655644324725,2022-08-09
787,14.294967925053774,2022-08-10
788,38.37236844864247,2022-08-11
789,30.78215397090248,2022-08-12
790,35.368943482038475,2022-08-13
791,21.496853746794912,2022-08-14
792,81.60017421973201,2022-08-15
793,33.45013469920809,2022-08-16
794,36.5563507516404,2022-08-17
795,21.076274767593173,2022-08-18
796,56.927157656514325,2022-08-19
797,29.68113113539232,2022-08-20
798,29.96781772277936,2022-08-21
799,36.33695882565637,2022-08-22
800,39.80372291947388,2022-08-23
801,21.466516065659405,2022-08-24
802,15.77835920591168,2022-08-25
803,23.764282179764244,2022-08-26
804,33.53341642708932,2022-08-27
805,57.2347950835774,2022-08-28
806,106.98997987423516,2022-08-29
807,79.03496517595387,2022-08-30
808,13.99527714860916,2022-08-31
809,30.29132397461865,2022-09-01
810,45.66135792995273,2022-09-02
811,41.333875977137644,2022-09-03
812,52.71165196672312,2022-09-04
813,36.60042088224047,2022-09-05
814,38.84530623702436,2022-09-06
815,18.9896546764426,2022-09-07
816,10.431124610165892,2022-09-08
817,12.710364770913174,2022-09-09
818,26.76649739264981,2022-09-10
819,79.97593994058282,2022-09-11
820,44.00628252457835,2022-09-12
821,35.58144355261154,2022-09-13
822,104.18450651655982,2022-09-14
823,41.394975036416206,2022-09-15
824,23.763089005641472,2022-09-16
825,32.39280326796773,2022-09-17
826,66.48185109469055,2022-09-18
827,60.83594244218195,2022-09-19
828,24.29039258601398,2022-09-20
829,25.43856630277778,2022-09-21
830,78.85956859073684,2022-09-22
831,168.0958874493425,2022-09-23
832,211.4445656258828,2022-09-24
833,162.74114006354117,2022-09-25
834,216.8819978536725,2022-09-26
835,175.27857553550456,2022-09-27
836,44.972998428677485,2022-09-28
837,46.87372349910276,2022-09-29
838,154.3326069252241,2022-09-30
839,151.83818622777054,2022-10-01
840,129.02594666873162,2022-10-02
841,154.37704059585377,2022-10-03
842,12.114894234715791,2022-10-04
843,15.845075781999473,2022-10-05
844,37.6107512333224,2022-10-06
845,87.83659162489427,2022-10-07
846,83.43410197158838,2022-10-08
847,64.8597079087899,2022-10-09
848,43.260642261014354,2022-10-10
849,29.5728802542462,2022-10-11
850,26.17640904296256,2022-10-12
851,94.41213378914144,2022-10-13
852,13.469280760953668,2022-10-14
853,12.986277215968729,2022-10-15
854,32.64098273009863,2022-10-16
855,57.819399521501374,2022-10-17
856,14.337228037949442,2022-10-18
857,6.582768412445115,2022-10-19
858,16.135275912888922,2022-10-20
859,31.003858829338814,2022-10-21
860,14.576630419551806,2022-10-22
861,51.8790802539621,2022-10-23
862,19.195935092871537,2022-10-24
863,70.25578501253742,2022-10-25
864,68.00985506825968,2022-10-26
865,15.41162776034136,2022-10-27
866,36.13439337276783,2022-10-28
867,30.915229540779624,2022-10-29
868,57.55876128060745,2022-10-30
869,14.246730122539798,2022-10-31
870,27.73144568981637,2022-11-01
871,60.57839998516312,2022-11-02
872,53.6939931692553,2022-11-03
873,44.27736666578936,2022-11-04
874,65.67466977610768,2022-11-05
875,75.74388231034543,2022-11-06
876,21.05982399404722,2022-11-07
877,56.1656656689913,2022-11-08
878,7.085769330007796,2022-11-09
879,63.9023095617674,2022-11-10
880,37.74124079818692,2022-11-11
881,18.82521786179352,2022-11-12
882,93.52789963883338,2022-11-13
883,1.876637974603212,2022-11-14
884,39.90353696854503,2022-11-15
885,25.82132763901268,2022-11-16
